category,category_rank,name,rating,city,country,cuisines,latitude,longitude,google_maps_url,added_at
Restaurants,1,Steirereck,10.0,Vienna,Austria,Austrian,48.20445780000001,16.3813958,https://www.google.com/maps/search/?api=1&query=Steirereck&query_place_id=ChIJKS_u4XYHbUcRFEBBkdJ8HG0,2023-06-10T05:37:54.043254+00:00
Coffee & tea,1,Café Central,10.0,Vienna,Austria,Cafe; Dessert,48.21042740000001,16.3654339,https://www.google.com/maps/search/?api=1&query=Caf%C3%A9+Central&query_place_id=ChIJLzsM95cHbUcRSS5C-z-H-ls,2025-01-08T01:40:46.754142+00:00
Dessert,1,Izumi Matcha,10.0,"Cupertino, CA",United States,Matcha,37.3218001,'-122.0180906,https://www.google.com/maps/search/?api=1&query=Izumi+Matcha&query_place_id=ChIJbzVhfD-1j4ARhBVEn4lL-as,2024-06-28T02:14:49.861882+00:00
Bars,1,AVATON 1739 - Coffee & Wine Roof,10.0,Νάξος,Greece,Coffee Shop; Brunch,37.1052952,25.3773798,https://www.google.com/maps/search/?api=1&query=AVATON+1739+-+Coffee+%26+Wine+Roof&query_place_id=ChIJQ3klmNULmBQRYfQS-EoWA_4,2024-08-17T08:16:38.213468+00:00
Bakeries,1,Bouchon Bakery,10.0,"Yountville, CA",United States,Bakery,38.40243390000001,'-122.3617839,https://www.google.com/maps/search/?api=1&query=Bouchon+Bakery&query_place_id=ChIJb6515ENVhIARmPUpwG7DCAE,2024-11-26T22:38:09.176904+00:00
Restaurants,2,The Happy Crane,9.991851851851852,"San Francisco, CA",United States,Cantonese; Chinese,37.7774909,'-122.4233003,https://www.google.com/maps/search/?api=1&query=The+Happy+Crane&query_place_id=ChIJtxEtPwCBhYARjixit0xj2Ws,2026-02-22T17:03:47.059156+00:00
Restaurants,3,Pierre Gagnaire,9.983703703703704,Paris,France,French,48.87324439999999,2.3004528,https://www.google.com/maps/search/?api=1&query=Pierre+Gagnaire&query_place_id=ChIJn82-Depv5kcRbitLK3lP0Bg,2023-06-10T06:18:35.765468+00:00
Restaurants,4,Cerveceria Catalana,9.975555555555555,Barcelona,Spain,Spanish; Tapas; Catalan,41.3923251,2.1608515,https://www.google.com/maps/search/?api=1&query=Cerveceria+Catalana&query_place_id=ChIJ14DbPpKipBIROjfbj6-0FW0,2023-06-10T06:15:17.240687+00:00
Restaurants,5,Panchita - Miraflores,9.967407407407407,Lima,Peru,Peruvian,'-12.1177544,'-77.03121370000001,https://www.google.com/maps/search/?api=1&query=Panchita+-+Miraflores&query_place_id=ChIJRY1ylxfIBZERqGq4nJw313s,2023-06-10T06:05:55.858814+00:00
Restaurants,6,Mpakalógatos,9.959259259259259,Apeiranthos,Greece,Greek,37.0723598,25.5215765,https://www.google.com/maps/search/?api=1&query=Mpakal%C3%B3gatos&query_place_id=ChIJbxeHoo4HmBQRxm7VJklfOhc,2024-08-18T09:14:44.246682+00:00
Restaurants,7,Raisu,9.95111111111111,"Vancouver, BC",Canada,Izakaya; Japanese,49.26805949999999,'-123.1583241,https://www.google.com/maps/search/?api=1&query=Raisu&query_place_id=ChIJheYkn7NzhlQR8weTw-mG_IU,2023-12-31T18:27:32.596575+00:00
Restaurants,8,Kinobu,9.942962962962962,Kyoto,Japan,Japanese; Kaiseki,35.0009656,135.7565178,https://www.google.com/maps/search/?api=1&query=Kinobu&query_place_id=ChIJG1KGrp4IAWARwp2d7lmI5lw,2024-07-09T22:20:24.825908+00:00
Coffee & tea,2,KAIZEN & COFFEE,9.941071428571428,"San Mateo, CA",United States,Matcha; Coffee; Tea,37.5450158,'-122.3060171,https://www.google.com/maps/search/?api=1&query=KAIZEN+%26+COFFEE&query_place_id=ChIJgb-xRfmej4ARck6mLp3MPCg,2025-09-25T21:22:39.114598+00:00
Restaurants,9,SSAL,9.934814814814814,"San Francisco, CA",United States,Korean,37.7973527,'-122.421862,https://www.google.com/maps/search/?api=1&query=SSAL&query_place_id=ChIJz9axs6SBhYARWHXy6JCAk_0,2026-03-30T01:32:28.466014+00:00
Restaurants,10,Kingyo,9.926666666666666,"Vancouver, BC",Canada,Japanese; Izakaya,49.2905642,'-123.1370395,https://www.google.com/maps/search/?api=1&query=Kingyo&query_place_id=ChIJd4CF7SdyhlQRoqTdwPGmzJo,2025-12-08T03:50:40.946221+00:00
Restaurants,11,Kokkari Estiatorio,9.926666666666666,"San Francisco, CA",United States,Greek,37.7970323,'-122.3997559,https://www.google.com/maps/search/?api=1&query=Kokkari+Estiatorio&query_place_id=ChIJTel9dGCAhYARQGwrTfGZ07M,2026-05-08T05:27:45.783532+00:00
Restaurants,12,Sushi Ai,9.926666666666666,"Redwood City, CA",United States,Omakase,37.4865379,'-122.2319512,https://www.google.com/maps/search/?api=1&query=Sushi+Ai&query_place_id=ChIJg1g4wB-jj4AR-nWI17cGyTA,2025-12-08T03:53:43.433968+00:00
Restaurants,13,Miku Vancouver,9.902222222222223,"Vancouver, BC",Canada,Japanese; Sushi,49.2870179,'-123.1130106,https://www.google.com/maps/search/?api=1&query=Miku+Vancouver&query_place_id=ChIJlyu4u4NxhlQRkUpN_iFwl8Q,2023-06-10T05:59:03.478330+00:00
Restaurants,14,Casa Lucio,9.894074074074075,Madrid,Spain,Spanish,40.4120839,'-3.709635599999999,https://www.google.com/maps/search/?api=1&query=Casa+Lucio&query_place_id=ChIJjTElVSyIQQ0R5J3uj1YKeOs,2023-06-10T06:17:08.939988+00:00
Dessert,2,Lady M Cake Boutique - Los Altos,9.893548387096775,"Los Altos, CA",United States,Bakery; Dessert,37.4007601,'-122.1132798,https://www.google.com/maps/search/?api=1&query=Lady+M+Cake+Boutique+-+Los+Altos&query_place_id=ChIJV_s3YrKxj4ARSipJ1A3rgdI,2026-05-03T20:25:06.869274+00:00
Restaurants,15,Hunan Impression,9.885925925925926,"San Jose, CA",United States,Chinese; Hunan,37.30891649999999,'-121.993827,https://www.google.com/maps/search/?api=1&query=Hunan+Impression&query_place_id=ChIJl41rEWC1j4AR9m5ndL7k-Js,2025-12-08T03:54:22.563773+00:00
Coffee & tea,3,Cong Caphe (Annex),9.882142857142858,"Toronto, ON",Canada,Coffee Shop; Vietnamese,43.6658853,'-79.4082573,https://www.google.com/maps/search/?api=1&query=Cong+Caphe+%28Annex%29&query_place_id=ChIJn7bR3bs1K4gRSt1UoCylt9I,2024-02-17T18:50:15.698959+00:00
Restaurants,16,A Casa D'Amici,9.877777777777778,Catania,Italy,Italian,37.5063409,15.0944557,https://www.google.com/maps/search/?api=1&query=A+Casa+D%27Amici&query_place_id=ChIJ8ymcBzPjExMRe0yXZbJFXUQ,2023-06-10T06:06:52.085020+00:00
Restaurants,17,L'Antica Pizzeria da Michele,9.86962962962963,Naples,Italy,Pizza; Italian,40.8497563,14.2633002,https://www.google.com/maps/search/?api=1&query=L%27Antica+Pizzeria+da+Michele&query_place_id=ChIJebC2jT8IOxMRQrZlcy2Xslo,2023-06-10T06:12:08.889373+00:00
Restaurants,18,AFURI Ebisu,9.861481481481482,Tokyo,Japan,Japanese; Ramen,35.6482951,139.7108723,https://www.google.com/maps/search/?api=1&query=AFURI+Ebisu&query_place_id=ChIJgYtUxUGLGGAR2LLtCdmLFbs,2024-06-25T20:26:41.662413+00:00
Restaurants,19,Suisan Fish Market,9.853333333333333,"Hilo, HI",United States,Hawaiian; Poke,19.723899,'-155.0701638,https://www.google.com/maps/search/?api=1&query=Suisan+Fish+Market&query_place_id=ChIJu8B2wZ9MUnkRESSPkr_KHDc,2026-07-15T20:32:46.961845+00:00
Restaurants,20,Restaurant Blauw Amsterdam,9.845185185185185,Amsterdam,Netherlands,Indonesian,52.3534442,4.8556758,https://www.google.com/maps/search/?api=1&query=Restaurant+Blauw+Amsterdam&query_place_id=ChIJLUFCYATixUcR6YBOTuasB5Y,2024-08-20T10:39:11.887823+00:00
Bars,2,Pocha 32,9.842857142857143,"New York, NY",United States,Korean; Bar,40.7477222,'-73.9863775,https://www.google.com/maps/search/?api=1&query=Pocha+32&query_place_id=ChIJJdmP46hZwokRqffbVAebL6s,2025-01-27T17:50:20.182186+00:00
Restaurants,21,Botafumeiro,9.837037037037037,Barcelona,Spain,Mediterranean; Seafood; Spanish,41.4004237,2.1546386,https://www.google.com/maps/search/?api=1&query=Botafumeiro&query_place_id=ChIJa0Y5HZiipBIROWRrQ0RCjVA,2023-06-10T06:15:58.465187+00:00
Restaurants,22,Chez TJ,9.828888888888889,"Mountain View, CA",United States,French; Global,37.3946669,'-122.0804378,https://www.google.com/maps/search/?api=1&query=Chez+TJ&query_place_id=ChIJPUL8UjS3j4ARdCh-Ys_Bgqs,2024-03-03T22:04:08.333567+00:00
Bakeries,2,Golden Gate Bakery,9.826315789473684,"San Francisco, CA",United States,Bakery,37.7964028,'-122.4068806,https://www.google.com/maps/search/?api=1&query=Golden+Gate+Bakery&query_place_id=ChIJKYzqnvSAhYARV7KSsEkdRO0,2024-08-23T15:36:21.821212+00:00
Coffee & tea,4,Kissaten HiFi,9.823214285714286,"San Francisco, CA",United States,Coffee; Matcha; Coffee Shop,37.7852405,'-122.4647832,https://www.google.com/maps/search/?api=1&query=Kissaten+HiFi&query_place_id=ChIJQ4HBMrWHhYARyUUu0lePPqI,2026-08-02T23:36:30.162827+00:00
Restaurants,23,L'Atelier de Joël Robuchon,9.82074074074074,Paris,France,French,48.8566128,2.3275179,https://www.google.com/maps/search/?api=1&query=L%27Atelier+de+Jo%C3%ABl+Robuchon&query_place_id=ChIJU1Oe_ylu5kcRHk3j-D0X9ew,2024-07-08T22:50:04.640006+00:00
Restaurants,24,Taquería El Farolito,9.812592592592592,"San Francisco, CA",United States,Mexican; Taqueria,37.75264629999999,'-122.4183182,https://www.google.com/maps/search/?api=1&query=Taquer%C3%ADa+El+Farolito&query_place_id=ChIJ5WRITUd-j4ARIcl68TeeR8M,2025-10-30T18:38:31.483344+00:00
Restaurants,25,Cicciolina,9.804444444444444,Cusco,Peru,Mediterranean; Peruvian,'-13.5158524,'-71.9764852,https://www.google.com/maps/search/?api=1&query=Cicciolina&query_place_id=ChIJn0YP4-fVbZERgO0DdeHEavk,2023-06-10T06:05:15.551796+00:00
Restaurants,26,Nikos & Maria Restaurant,9.796296296296296,Athens,Greece,Greek,37.0529136,25.3678797,https://www.google.com/maps/search/?api=1&query=Nikos+%26+Maria+Restaurant&query_place_id=ChIJker7kIIOmBQRFNCwbOtdIBs-deprecated,2024-08-17T08:16:15.854100+00:00
Restaurants,27,XiangBobo Hunan Cuisine 湘卜卜·新派湖南菜,9.788148148148148,"Cupertino, CA",United States,Chinese,37.3355883,'-122.0151649,https://www.google.com/maps/search/?api=1&query=XiangBobo+Hunan+Cuisine+%E6%B9%98%E5%8D%9C%E5%8D%9C%C2%B7%E6%96%B0%E6%B4%BE%E6%B9%96%E5%8D%97%E8%8F%9C&query_place_id=ChIJIZ4ez9q1j4ARtkOpPyb7loE,2026-09-19T20:24:04.098383+00:00
Dessert,3,Tsujiri Richmond,9.787096774193548,"Richmond, BC",Canada,Dessert; Matcha,49.17759419999999,'-123.1220509,https://www.google.com/maps/search/?api=1&query=Tsujiri+Richmond&query_place_id=ChIJZcrIVDp1hlQRA8lOlrMPzwU,2023-12-30T19:48:46.387185+00:00
Restaurants,28,춘천닭갈비 동해막국수 2호점 (Chuncheon Dakgalbi Donghae Makguksu two,9.78,"Los Angeles, CA",United States,Korean,34.06399,'-118.300615,https://www.google.com/maps/search/?api=1&query=%EC%B6%98%EC%B2%9C%EB%8B%AD%EA%B0%88%EB%B9%84+%EB%8F%99%ED%95%B4%EB%A7%89%EA%B5%AD%EC%88%98+2%ED%98%B8%EC%A0%90+%28Chuncheon+Dakgalbi+Donghae+Makguksu+two&query_place_id=ChIJCy0itYK4woARuK1gZlgj8C8,2026-08-08T04:59:40.059958+00:00
Restaurants,29,Morcilla,9.771851851851851,"Pittsburgh, PA",United States,Basque; Spanish,40.4645709,'-79.9661648,https://www.google.com/maps/search/?api=1&query=Morcilla&query_place_id=ChIJ4SrQ-rTzNIgRBCWal8EzERk,2025-12-08T03:55:19.811480+00:00
Coffee & tea,5,The Buoy,9.764285714285714,"San Francisco, CA",United States,Korean,37.774757,'-122.4206092,https://www.google.com/maps/search/?api=1&query=The+Buoy&query_place_id=ChIJK84-R6qBhYARWHOHDki2w6Y,2025-09-22T01:11:50.521598+00:00
Restaurants,30,Con Alma,9.763703703703703,"Pittsburgh, PA",United States,Contemporary; Latin American; Soul Food,40.4429744,'-80.0017234,https://www.google.com/maps/search/?api=1&query=Con+Alma&query_place_id=ChIJpcQ-YivxNIgRfsSgGe2EKfM,2025-01-15T01:51:07.283638+00:00
Restaurants,31,Osteria dell'Acquabella,9.755555555555556,Milan,Italy,Italian,45.44996020000001,9.201336399999999,https://www.google.com/maps/search/?api=1&query=Osteria+dell%27Acquabella&query_place_id=ChIJ1zpn9-PFhkcRBTRwbVrqw1c,2023-06-10T06:14:15.712443+00:00
Restaurants,32,The Olive Street Food,9.747407407407408,Bruges,Belgium,Mediterranean; Belgian; Wraps,51.20758499999999,3.226013,https://www.google.com/maps/search/?api=1&query=The+Olive+Street+Food&query_place_id=ChIJ3fniRMVQw0cRrWAJYle5VjE,2023-06-10T06:25:15.762882+00:00
Restaurants,33,Jubba Somali Restaurant,9.73925925925926,"San Jose, CA",United States,Somali,37.2573744,'-121.8606689,https://www.google.com/maps/search/?api=1&query=Jubba+Somali+Restaurant&query_place_id=ChIJ_1BR69MzjoARsjSJtBRGdwU,2024-07-01T06:40:49.259778+00:00
Restaurants,34,Foreign Cinema,9.731111111111112,"San Francisco, CA",United States,Californian,37.7564917,'-122.4191194,https://www.google.com/maps/search/?api=1&query=Foreign+Cinema&query_place_id=ChIJPwvLyD5-j4AR2fM8C0bbVC8,2023-06-10T05:30:19.626066+00:00
Restaurants,35,The Progress,9.722962962962963,"San Francisco, CA",United States,Californian; American,37.7836666,'-122.4329707,https://www.google.com/maps/search/?api=1&query=The+Progress&query_place_id=ChIJ8zXoo7mAhYARtoa-WE3d5NE,2026-02-15T06:42:54.339822+00:00
Restaurants,36,ジンギスカーン 小樽別邸,9.714814814814815,Otaru,Japan,,43.19482319999999,141.0011067,https://www.google.com/maps/search/?api=1&query=%E3%82%B8%E3%83%B3%E3%82%AE%E3%82%B9%E3%82%AB%E3%83%BC%E3%83%B3+%E5%B0%8F%E6%A8%BD%E5%88%A5%E9%82%B8&query_place_id=ChIJdeHzT0DhCl8R9ZSLUHN2lac,2025-01-08T01:44:42.909418+00:00
Restaurants,37,R+D Kitchen,9.706666666666667,"Yountville, CA",United States,American,38.4063628,'-122.3679368,https://www.google.com/maps/search/?api=1&query=R%2BD+Kitchen&query_place_id=ChIJvXi5zlpVhIARQbmT9nzm0CA,2024-11-26T22:39:24.871302+00:00
Coffee & tea,6,Shoji,9.705357142857142,"San Francisco, CA",United States,Japanese; Cocktail Bar; Matcha,37.78667129999999,'-122.399674,https://www.google.com/maps/search/?api=1&query=Shoji&query_place_id=ChIJN_JxeQCBhYAR6LTP2YCkTDE,2025-09-22T00:55:29.150499+00:00
Restaurants,38,Shancheng Lameizi,9.698518518518519,"Milpitas, CA",United States,Chinese; Hot Pot,37.4237137,'-121.9177146,https://www.google.com/maps/search/?api=1&query=Shancheng+Lameizi&query_place_id=ChIJ21TKVU_Jj4ARzCWfgubqHaQ,2024-07-05T18:57:53.429377+00:00
Restaurants,39,Mustafa's Gemüse Kebap,9.69037037037037,Berlin,Germany,Turkish; Kebab,52.49382,13.38804,https://www.google.com/maps/search/?api=1&query=Mustafa%27s+Gem%C3%BCse+Kebap&query_place_id=ChIJc35bGSlQqEcRL52ICDHcNKk,2023-06-11T04:51:18.180128+00:00
Bars,3,Horsefeather,9.685714285714285,"San Francisco, CA",United States,American; Cocktail Bar,37.77449949999999,'-122.4374566,https://www.google.com/maps/search/?api=1&query=Horsefeather&query_place_id=ChIJBYNPuq-AhYARkLvNM_mLKhk,2026-03-01T21:49:49.332851+00:00
Restaurants,40,Porter House Bar and Grill,9.682222222222222,"New York, NY",United States,American; Steakhouse,40.768882,'-73.98263,https://www.google.com/maps/search/?api=1&query=Porter+House+Bar+and+Grill&query_place_id=ChIJp3PsL_ZYwokRmC6cZO44FNw,2023-06-10T06:04:30.752640+00:00
Dessert,4,Winter Bear,9.680645161290322,"Vancouver, BC",Canada,Dessert; Asian,49.2904223,'-123.1373073,https://www.google.com/maps/search/?api=1&query=Winter+Bear&query_place_id=ChIJVeiyD9pzhlQRLXcR4IXLO64,2023-12-24T03:19:49.477124+00:00
Restaurants,41,CanoeHouse,9.674074074074074,"Waimea, HI",United States,Hawaiian; Japanese,19.947009,'-155.8667535,https://www.google.com/maps/search/?api=1&query=CanoeHouse&query_place_id=ChIJ582muw14VHkRXvqXega42K4,2026-07-15T20:31:28.595996+00:00
Restaurants,42,Hiroshi,9.665925925925926,"Los Altos, CA",United States,Japanese; Sushi,37.3783585,'-122.1171826,https://www.google.com/maps/search/?api=1&query=Hiroshi&query_place_id=ChIJpdg90O-wj4ARHsvrk65jirE,2024-06-25T20:26:14.649375+00:00
Restaurants,43,Five Sails Restaurant,9.657777777777778,"Vancouver, BC",Canada,Pacific Northwest,49.2880237,'-123.1133905,https://www.google.com/maps/search/?api=1&query=Five+Sails+Restaurant&query_place_id=ChIJ18-j2oJxhlQRcq-nkLQ528w,2024-01-01T21:34:04.353285+00:00
Bakeries,3,D'avant Bakery,9.652631578947368,"Palisades Park, NJ",United States,Bakery; Korean,40.8515161,'-73.995527,https://www.google.com/maps/search/?api=1&query=D%27avant+Bakery&query_place_id=ChIJYUxHQxf3wokRZ9VidQxPqL0,2025-03-07T03:10:18.408448+00:00
Restaurants,44,Chez Panisse,9.64962962962963,"Berkeley, CA",United States,Californian; French,37.8796069,'-122.2689248,https://www.google.com/maps/search/?api=1&query=Chez+Panisse&query_place_id=ChIJcYtcJaF-hYAR-VzrwZpQY0E,2023-07-16T17:46:25.960648+00:00
Coffee & tea,7,MoonTea,9.646428571428572,"Sunnyvale, CA",United States,Chinese; Bubble Tea,37.3704248,'-122.0410635,https://www.google.com/maps/search/?api=1&query=MoonTea&query_place_id=ChIJq9cMCfe3j4ARsLFhrcLVTJE,2024-06-13T21:19:19.799828+00:00
Restaurants,45,Nisei,9.641481481481481,"San Francisco, CA",United States,Californian; Japanese,37.7981765,'-122.4220853,https://www.google.com/maps/search/?api=1&query=Nisei&query_place_id=ChIJYSfspPSBhYARcVCbbkjGXg0,2026-09-14T07:18:13.238287+00:00
Restaurants,46,Kiln,9.633333333333333,"San Francisco, CA",United States,American; Contemporary,37.7760913,'-122.4204239,https://www.google.com/maps/search/?api=1&query=Kiln&query_place_id=ChIJlZn9AxyBhYARAY1cJE9KydY,2025-12-19T19:28:49.698338+00:00
Restaurants,47,Chongqing Lao Zao 重慶老灶,9.625185185185185,"New York, NY",United States,Chinese; Sichuan; Hot Pot,40.7606738,'-73.8330235,https://www.google.com/maps/search/?api=1&query=Chongqing+Lao+Zao+%E9%87%8D%E6%85%B6%E8%80%81%E7%81%B6&query_place_id=ChIJu4mR1fFhwokR94Uup8tbWZE,2025-12-08T03:47:06.946851+00:00
Restaurants,48,House of Prime Rib,9.617037037037036,"San Francisco, CA",United States,British; Steakhouse; American,37.7934329,'-122.422732,https://www.google.com/maps/search/?api=1&query=House+of+Prime+Rib&query_place_id=ChIJg67caeqAhYAR2UQjKb1a8j4,2023-12-28T00:59:55.056378+00:00
Restaurants,49,Fu Yi Ling San Jiu,9.608888888888888,Shanghai,China,Chinese; Shanghainese,31.21849,121.42957,https://www.google.com/maps/search/?api=1&query=Fu+Yi+Ling+San+Jiu&query_place_id=ChIJN2IxX1llsjURLDj9Cehmbqo,2024-06-08T19:14:52.903384+00:00
Restaurants,50,Kitano Gurume,9.60074074074074,Sapporo,Japan,Japanese; Seafood,43.0707005,141.3200445,https://www.google.com/maps/search/?api=1&query=Kitano+Gurume&query_place_id=ChIJYVBTvrEpC18RIKX2Sm8TJOc,2025-01-04T05:15:30.483934+00:00
Restaurants,51,Anatolian Table,9.592592592592593,"San Francisco, CA",United States,Turkish,37.7615012,'-122.4218329,https://www.google.com/maps/search/?api=1&query=Anatolian+Table&query_place_id=ChIJwUJ8_Eh_j4ARC_2F-lhupJU,2026-05-17T06:00:10.882430+00:00
Coffee & tea,8,Kopê House,9.5875,"San Francisco, CA",United States,Coffee,37.7762214,'-122.4260612,https://www.google.com/maps/search/?api=1&query=Kop%C3%AA+House&query_place_id=ChIJX-cK-JWBhYARo3anVH2ZH2c,2026-08-03T05:03:51.005740+00:00
Restaurants,52,Kimura,9.584444444444445,"New York, NY",United States,Japanese; Shabu Shabu; Izakaya,40.7290321,'-73.9882174,https://www.google.com/maps/search/?api=1&query=Kimura&query_place_id=ChIJR6LukiNZwokR-MTHVUbu4q8,2025-03-07T03:16:34.057401+00:00
Restaurants,53,Yakiniku Shodai,9.576296296296297,"San Francisco, CA",United States,Japanese,37.77622410000001,'-122.4182387,https://www.google.com/maps/search/?api=1&query=Yakiniku+Shodai&query_place_id=ChIJbT9JHbeBhYAR2vLYSvbr7W8,2025-07-05T16:58:37.485822+00:00
Dessert,5,Oakobing,9.574193548387097,"Los Angeles, CA",United States,Dessert; Korean,34.06346670000001,'-118.2944972,https://www.google.com/maps/search/?api=1&query=Oakobing&query_place_id=ChIJMRtkj3zHwoARJhMWvWbzHPM,2026-08-08T05:00:16.337947+00:00
Restaurants,54,Barcelona Wine Bar,9.568148148148149,"Pittsburgh, PA",United States,Spanish; Tapas,40.4437981,'-79.9971984,https://www.google.com/maps/search/?api=1&query=Barcelona+Wine+Bar&query_place_id=ChIJa8m_owvxNIgRjqA4JlAe_Yg,2024-11-10T02:33:36.512212+00:00
Restaurants,55,OTARU Japanese Restaurant Pittsburgh,9.56,"Pittsburgh, PA",United States,Japanese; Sushi,40.43789969999999,'-80.0182356,https://www.google.com/maps/search/?api=1&query=OTARU+Japanese+Restaurant+Pittsburgh&query_place_id=ChIJx6wmBlL3NIgReTtlci97SsY,2024-09-13T13:05:30.437499+00:00
Restaurants,56,Park's BBQ,9.551851851851852,"Los Angeles, CA",United States,Barbecue; Korean,34.0539567,'-118.292058,https://www.google.com/maps/search/?api=1&query=Park%27s+BBQ&query_place_id=ChIJj6arSYLHwoAROfRRqiOfX2s,2026-08-09T19:24:19.786790+00:00
Restaurants,57,SUNGHO,9.543703703703704,"San Francisco, CA",United States,Korean,37.7833232,'-122.4157256,https://www.google.com/maps/search/?api=1&query=SUNGHO&query_place_id=ChIJcfomRFyBhYAR4G1RIRFIu-w,2026-08-30T05:01:23.744707+00:00
Restaurants,58,The Deluxe Chinese Restaurant,9.535555555555556,"Richmond, BC",Canada,Cantonese; Dim Sum,49.1827595,'-123.1360108,https://www.google.com/maps/search/?api=1&query=The+Deluxe+Chinese+Restaurant&query_place_id=ChIJVVVluSh1hlQRY1dNB594jGM,2023-12-31T20:58:04.618958+00:00
Coffee & tea,9,Dobrá Tea Pittsburgh,9.528571428571428,"Pittsburgh, PA",United States,Tea,40.4349597,'-79.9226309,https://www.google.com/maps/search/?api=1&query=Dobr%C3%A1+Tea+Pittsburgh&query_place_id=ChIJxYa44v7xNIgRM0tbj-YIWG4,2024-09-16T13:20:51.306521+00:00
Bars,4,Smuggler's Cove,9.528571428571428,"San Francisco, CA",United States,Cocktail Bar,37.7794028,'-122.4233722,https://www.google.com/maps/search/?api=1&query=Smuggler%27s+Cove&query_place_id=ChIJZYKHDZiAhYARXV0sNJgKAi8,2026-07-30T07:34:23.999782+00:00
Restaurants,59,Bouchon at The Venetian,9.527407407407408,"Las Vegas, NV",United States,French,36.1209181,'-115.1692389,https://www.google.com/maps/search/?api=1&query=Bouchon+at+The+Venetian&query_place_id=ChIJRXzWNT7EyIARbBmZtBjGaQI,2024-02-21T20:31:58.611139+00:00
Restaurants,60,SAN HO WON,9.51925925925926,"San Francisco, CA",United States,Korean; Barbecue,37.759599,'-122.4102473,https://www.google.com/maps/search/?api=1&query=SAN+HO+WON&query_place_id=ChIJBQpgwVh_j4ARocWBZnqOXEg,2026-08-09T19:23:41.983170+00:00
Restaurants,61,Alta Bistro,9.511111111111111,"Whistler, BC",Canada,Contemporary; French,50.1171888,'-122.9574776,https://www.google.com/maps/search/?api=1&query=Alta+Bistro&query_place_id=ChIJuz7pdbM8h1QR4anyiuKeddQ,2023-12-29T18:36:37.027978+00:00
Restaurants,62,La Fondue,9.502962962962963,"Saratoga, CA",United States,Fondue; French,37.25645300000001,'-122.0347146,https://www.google.com/maps/search/?api=1&query=La+Fondue&query_place_id=ChIJafuTkeBKjoARSLdzzITdErc,2024-07-08T21:47:01.113864+00:00
Restaurants,63,Plumed Horse,9.494814814814815,"Saratoga, CA",United States,American; Californian,37.256637,'-122.0352189,https://www.google.com/maps/search/?api=1&query=Plumed+Horse&query_place_id=ChIJ01EehuBKjoARf8mKQoPv8oA,2024-05-16T08:23:59.799819+00:00
Restaurants,64,Rimrock Café,9.486666666666666,"Whistler, BC",Canada,Canadian,50.09846899999999,'-122.9896108,https://www.google.com/maps/search/?api=1&query=Rimrock+Caf%C3%A9&query_place_id=ChIJY8NH59Uih1QRlGLhMjSpqQw,2023-12-28T00:40:17.033655+00:00
Bakeries,4,b. patisserie,9.478947368421053,"San Francisco, CA",United States,Bakery; Coffee,37.7878443,'-122.4408389,https://www.google.com/maps/search/?api=1&query=b.+patisserie&query_place_id=ChIJ59WgYcmAhYARu5gLD0FVpw4,2026-02-08T22:47:45.871221+00:00
Restaurants,65,Araxi Restaurant & Oyster Bar,9.478518518518518,"Whistler, BC",Canada,Steakhouse; Seafood; Canadian,50.1149137,'-122.955762,https://www.google.com/maps/search/?api=1&query=Araxi+Restaurant+%26+Oyster+Bar&query_place_id=ChIJZw8mVbM8h1QRg5CQm_fxz3s,2023-12-25T05:57:49.557448+00:00
Restaurants,66,HOJOKBAN NYC,9.47037037037037,"New York, NY",United States,Korean; Asian Fusion,40.7457255,'-73.98477749999999,https://www.google.com/maps/search/?api=1&query=HOJOKBAN+NYC&query_place_id=ChIJ92UIyldZwokRj4AVxzDTXgU,2025-03-09T03:47:40.918739+00:00
Coffee & tea,10,Chicha San Chen 吃茶三千,9.469642857142857,"Cupertino, CA",United States,Bubble Tea; Taiwanese; Tea,37.3225683,'-122.0348057,https://www.google.com/maps/search/?api=1&query=Chicha+San+Chen+%E5%90%83%E8%8C%B6%E4%B8%89%E5%8D%83&query_place_id=ChIJ1eXBjKO1j4AR05oLL0LbXPA,2024-11-26T22:37:30.651604+00:00
Dessert,6,U:Dessert Story,9.467741935483872,"San Francisco, CA",United States,Dessert; Asian,37.7642775,'-122.4306049,https://www.google.com/maps/search/?api=1&query=U%3ADessert+Story&query_place_id=ChIJIR89Dxx-j4AR_LHZbAGY5Wo,2026-05-18T06:21:44.116976+00:00
Restaurants,67,Sushi Sam's Edomata,9.462222222222222,"San Mateo, CA",United States,Japanese; Sushi,37.56514019999999,'-122.3227708,https://www.google.com/maps/search/?api=1&query=Sushi+Sam%27s+Edomata&query_place_id=ChIJPwJWe3Cej4AR2tUwdkF4nL8-deprecated,2023-06-11T00:31:19.205855+00:00
Restaurants,68,Telefèric Barcelona Palo Alto,9.454074074074073,"Palo Alto, CA",United States,Spanish; Tapas; European,37.4383765,'-122.1583028,https://www.google.com/maps/search/?api=1&query=Telef%C3%A8ric+Barcelona+Palo+Alto&query_place_id=ChIJU-h6-Q27j4AReNRuzo2WlTM,2023-06-10T05:38:16.460062+00:00
Restaurants,69,Taqueria El Farolito,9.445925925925925,"San Francisco, CA",United States,Mexican; Taqueria,37.7528425,'-122.4111581,https://www.google.com/maps/search/?api=1&query=Taqueria+El+Farolito&query_place_id=ChIJDxhR8kh-j4ARvvkvt81j1QQ,2025-10-13T06:38:27.639773+00:00
Restaurants,70,Los Carnalitos Food Truck,9.437777777777779,"Redwood City, CA",United States,Mexican; Taqueria,37.4695094,'-122.2116365,https://www.google.com/maps/search/?api=1&query=Los+Carnalitos+Food+Truck&query_place_id=ChIJVbEYve-jj4AR77rV9jAOcec,2024-06-11T20:56:58.892072+00:00
Restaurants,71,Back A Yard Caribbean Grill,9.42962962962963,"Menlo Park, CA",United States,Caribbean,37.4727298,'-122.1550698,https://www.google.com/maps/search/?api=1&query=Back+A+Yard+Caribbean+Grill&query_place_id=ChIJP01j_qC8j4ARyxyiGFKN_rs,2023-12-17T21:10:15.988249+00:00
Restaurants,72,Domowe Przysmaki,9.421481481481482,Kraków,Poland,Polish,50.06470909999999,19.9381645,https://www.google.com/maps/search/?api=1&query=Domowe+Przysmaki&query_place_id=ChIJkxB8tw9bFkcRCucVEcC7wsc,2023-06-11T00:17:33.885692+00:00
Restaurants,73,Zur Alten Kaisermühle,9.413333333333334,Vienna,Austria,Austrian,48.2347319,16.4265249,https://www.google.com/maps/search/?api=1&query=Zur+Alten+Kaiserm%C3%BChle&query_place_id=ChIJkyCeAsMGbUcR5yCotC1jolY,2023-06-11T00:36:19.286131+00:00
Coffee & tea,11,Café Sacher,9.410714285714286,Vienna,Austria,Cafe; Dessert,48.2039459,16.3698418,https://www.google.com/maps/search/?api=1&query=Caf%C3%A9+Sacher&query_place_id=ChIJI85wbpwHbUcR2nlviUzwg9s,2025-03-09T03:43:14.622934+00:00
Restaurants,74,Taichi Pot Shabu Shabu,9.405185185185186,"Santa Clara, CA",United States,Hot Pot; Japanese; Shabu Shabu,37.3386944,'-121.9730667,https://www.google.com/maps/search/?api=1&query=Taichi+Pot+Shabu+Shabu&query_place_id=ChIJqeaNV3K1j4ARAzD2yzJxL5k,2024-06-29T01:20:05.126391+00:00
Restaurants,75,Must be Thai,9.397037037037038,"San Jose, CA",United States,Thai; Southeast Asian,37.32400199999999,'-121.951719,https://www.google.com/maps/search/?api=1&query=Must+be+Thai&query_place_id=ChIJxRbrPuHKj4ARCHvgdxv0uiE,2023-09-04T20:25:59.848338+00:00
Restaurants,76,Gochi Cupertino,9.38888888888889,"Cupertino, CA",United States,Izakaya; Japanese,37.3368353,'-122.0228153,https://www.google.com/maps/search/?api=1&query=Gochi+Cupertino&query_place_id=ChIJ50EYjse1j4ARQAvOtT-s7_g,2024-07-08T21:34:17.449246+00:00
Restaurants,77,Nola,9.380740740740741,"Palo Alto, CA",United States,American; Cajun; Southern,37.4449386,'-122.1614268,https://www.google.com/maps/search/?api=1&query=Nola&query_place_id=ChIJdwmtjjm7j4ARuuLA95wq7wQ,2024-06-21T01:14:09.123038+00:00
Restaurants,78,Kaasbar Amsterdam,9.372592592592593,Amsterdam,Netherlands,Wine Bar,52.357286,4.890566599999999,https://www.google.com/maps/search/?api=1&query=Kaasbar+Amsterdam&query_place_id=ChIJkeym18YJxkcR7zQj__hf-0g,2024-08-20T10:39:42.077808+00:00
Bars,5,The Buena Vista,9.371428571428572,"San Francisco, CA",United States,Bar; Irish,37.8065338,'-122.4207185,https://www.google.com/maps/search/?api=1&query=The+Buena+Vista&query_place_id=ChIJ-ZbR8Dd-j4ARw7-UmpB7Ks8,2026-01-25T21:29:16.957471+00:00
Restaurants,79,Ritual at Manresa,9.364444444444445,"Los Gatos, CA",United States,Global,37.2273738,'-121.9808426,https://www.google.com/maps/search/?api=1&query=Ritual+at+Manresa&query_place_id=ChIJ5aA90e81joARXh_fVSax7dQ,2023-06-10T06:23:10.163865+00:00
Dessert,7,U :Dessert Story,9.361290322580645,"Berkeley, CA",United States,Dessert; Ice Cream,37.8740203,'-122.2684191,https://www.google.com/maps/search/?api=1&query=U+%3ADessert+Story&query_place_id=ChIJs1T6wgt_hYARtXrU21VSuZI,2026-05-18T06:21:54.127924+00:00
Restaurants,80,Neptune Oyster,9.356296296296296,"Boston, MA",United States,American; New England; Seafood,42.36323900000001,'-71.055968,https://www.google.com/maps/search/?api=1&query=Neptune+Oyster&query_place_id=ChIJCe7kLY9w44kR55gvVv3g8zs,2023-06-10T06:02:39.888878+00:00
Coffee & tea,12,Saint Frank Coffee,9.351785714285715,"San Francisco, CA",United States,Coffee Shop,37.7984797,'-122.4220775,https://www.google.com/maps/search/?api=1&query=Saint+Frank+Coffee&query_place_id=ChIJmfgIQ-iAhYARq5osc-JybBo,2025-11-16T22:37:52.101637+00:00
Restaurants,81,Jojoen Sapporo Susukino,9.348148148148148,Sapporo,Japan,Barbecue,43.056129,141.3541922,https://www.google.com/maps/search/?api=1&query=Jojoen+Sapporo+Susukino&query_place_id=ChIJ61YlbIQpC18RFWkn1bA1xT0,2025-01-04T05:19:42.853063+00:00
Restaurants,82,Hwa Mi Won,9.34,"San Francisco, CA",United States,Korean,37.7802605,'-122.4872709,https://www.google.com/maps/search/?api=1&query=Hwa+Mi+Won&query_place_id=ChIJ7-FgFKOHhYARmqPzR5sKj_Y,2026-03-06T02:21:02.307695+00:00
Restaurants,83,Miss Shang-San Mateo,9.331851851851852,"San Mateo, CA",United States,Chinese,37.5434577,'-122.3076048,https://www.google.com/maps/search/?api=1&query=Miss+Shang-San+Mateo&query_place_id=ChIJ3VUJ3tKfj4ARIKA9t6cIdzE,2026-09-06T22:38:06.400077+00:00
Restaurants,84,Quattro Restaurant,9.323703703703703,"Whistler, BC",Canada,Italian,50.1175,'-122.9575,https://www.google.com/maps/search/?api=1&query=Quattro+Restaurant&query_place_id=ChIJuz7pdbM8h1QRDRW6tcDGcDY,2023-12-25T03:57:32.737875+00:00
Restaurants,85,Lades Menemen,9.315555555555555,İstanbul,Türkiye,Turkish; Breakfast,41.0345944,28.9808312,https://www.google.com/maps/search/?api=1&query=Lades+Menemen&query_place_id=ChIJY2G2EGS3yhQRECsfD0OeIOQ,2023-06-10T05:50:25.439342+00:00
Restaurants,86,Tobang,9.307407407407407,"Santa Clara, CA",United States,Barbecue; Korean,37.3457722,'-121.9779972,https://www.google.com/maps/search/?api=1&query=Tobang&query_place_id=ChIJy6tsfm7Kj4ARzJZ2WGCaW4U,2023-06-11T00:25:33.186467+00:00
Bakeries,5,Modern Pastry Shop,9.305263157894737,"Boston, MA",United States,Bakery; Italian,42.363256,'-71.05472979999999,https://www.google.com/maps/search/?api=1&query=Modern+Pastry+Shop&query_place_id=ChIJT6uL2Yhw44kRQC4VpTehlhs,2025-08-29T15:59:05.995084+00:00
Restaurants,87,Yakini Q SJ,9.299259259259259,"San Jose, CA",United States,Barbecue; Korean,37.323925,'-121.9245,https://www.google.com/maps/search/?api=1&query=Yakini+Q+SJ&query_place_id=ChIJzdaOVUfLj4ARP8z0mNpUVxo,2023-06-11T01:06:33.440163+00:00
Coffee & tea,13,3THYME COFFEE,9.292857142857143,"Los Angeles, CA",United States,Coffee; Matcha,34.0631563,'-118.3038041,https://www.google.com/maps/search/?api=1&query=3THYME+COFFEE&query_place_id=ChIJWzvL0Sa5woAR9Q-VY1iqRcY,2026-08-09T03:21:48.314797+00:00
Restaurants,88,Sweetie Pie's,9.29111111111111,"Placerville, CA",United States,Brunch,38.72922,'-120.7968818,https://www.google.com/maps/search/?api=1&query=Sweetie+Pie%27s&query_place_id=ChIJz7LRtrZQmoARJAfpQnqk8bs,2023-06-11T00:34:12.796126+00:00
Restaurants,89,Sumika,9.282962962962962,"Los Altos, CA",United States,Japanese; Yakitori,37.3791409,'-122.11665,https://www.google.com/maps/search/?api=1&query=Sumika&query_place_id=ChIJzYrvNO6wj4AR8INu1uGm4ds,2023-06-10T05:44:54.401311+00:00
Restaurants,90,Kokko - Yakitori & Japanese,9.274814814814814,"San Mateo, CA",United States,Japanese; Yakitori,37.5677306,'-122.3214944,https://www.google.com/maps/search/?api=1&query=Kokko+-+Yakitori+%26+Japanese&query_place_id=ChIJi1zXD3qej4ARz_SZHSId8Zc,2024-05-16T08:43:09.205540+00:00
Restaurants,91,Shu Da Xia Hotpot 蜀大侠火锅,9.266666666666667,"Boston, MA",United States,Hotpot; Sichuan,42.3488348,'-71.0995379,https://www.google.com/maps/search/?api=1&query=Shu+Da+Xia+Hotpot+%E8%9C%80%E5%A4%A7%E4%BE%A0%E7%81%AB%E9%94%85&query_place_id=ChIJLfVqmvd544kRk4kiKkJxkPw,2025-08-24T16:17:05.480892+00:00
Restaurants,92,Gao Viet Kitchen,9.25851851851852,"San Mateo, CA",United States,Vietnamese,37.5641216,'-122.3236615,https://www.google.com/maps/search/?api=1&query=Gao+Viet+Kitchen&query_place_id=ChIJpxRGD8efj4AR6j3jq50wM4k,2024-07-18T02:34:40.213724+00:00
Dessert,8,Tong Sui Desserts & Drinks (Palo Alto),9.254838709677419,"Palo Alto, CA",United States,Cantonese; Dessert,37.4452471,'-122.1609897,https://www.google.com/maps/search/?api=1&query=Tong+Sui+Desserts+%26+Drinks+%28Palo+Alto%29&query_place_id=ChIJgVkH4BO7j4AR9Qj0HVCbuy8,2026-01-04T02:28:13.985516+00:00
Restaurants,93,焼肉29テラス 渋谷南口店,9.250370370370371,Tokyo,Japan,Japanese,35.6573796,139.6990183,https://www.google.com/maps/search/?api=1&query=%E7%84%BC%E8%82%8929%E3%83%86%E3%83%A9%E3%82%B9+%E6%B8%8B%E8%B0%B7%E5%8D%97%E5%8F%A3%E5%BA%97&query_place_id=ChIJq_JXLmWLGGARnD1Th-M_O7M,2025-01-08T01:40:24.202420+00:00
Restaurants,94,Kemuri Japanese Barú,9.242222222222223,"Redwood City, CA",United States,Japanese; Tapas,37.4864227,'-122.2337074,https://www.google.com/maps/search/?api=1&query=Kemuri+Japanese+Bar%C3%BA&query_place_id=ChIJJ5LAG02ij4AR5q6-JvUK3AE,2026-07-15T20:33:08.706219+00:00
Restaurants,95,Wagyu Master Sukiyaki House | San Jose,9.234074074074075,"San Jose, CA",United States,Japanese,37.2904956,'-121.9930521,https://www.google.com/maps/search/?api=1&query=Wagyu+Master+Sukiyaki+House+%7C+San+Jose&query_place_id=ChIJ4WwPMCC1j4AROo69X6VuBiw,2026-06-12T16:10:40.322594+00:00
Coffee & tea,14,Compton’s Coffee House,9.23392857142857,"San Francisco, CA",United States,Coffee Shop; Tea; Matcha,37.7874197,'-122.4333838,https://www.google.com/maps/search/?api=1&query=Compton%E2%80%99s+Coffee+House&query_place_id=ChIJ844xLVCBhYARnhgW3uG5GqU,2026-05-12T22:47:08.950681+00:00
Restaurants,96,Figlmüller – Restaurant Bäckerstraße,9.225925925925926,Vienna,Austria,Austrian,48.2092674,16.3755428,https://www.google.com/maps/search/?api=1&query=Figlm%C3%BCller+%E2%80%93+Restaurant+B%C3%A4ckerstra%C3%9Fe&query_place_id=ChIJbU-Egp8HbUcRDZ_dZN6qW34,2024-07-08T22:54:34.445936+00:00
Restaurants,97,New Thai Elephant,9.217777777777778,"San Francisco, CA",United States,Thai,37.80555340000001,'-122.4134726,https://www.google.com/maps/search/?api=1&query=New+Thai+Elephant&query_place_id=ChIJU5euptGBhYAR9V5Y1NRWPZ8,2026-01-11T08:30:15.549507+00:00
Bars,6,Cavo Night Club,9.214285714285715,"Pittsburgh, PA",United States,Bar; Drinks,40.4515174,'-79.98464460000001,https://www.google.com/maps/search/?api=1&query=Cavo+Night+Club&query_place_id=ChIJOUWoFN3zNIgRkx2IJ0CQK58,2024-09-07T16:35:49.611745+00:00
Restaurants,98,The Kickin Crab,9.20962962962963,"San Jose, CA",United States,Cajun,37.4043056,'-121.8821444,https://www.google.com/maps/search/?api=1&query=The+Kickin+Crab&query_place_id=ChIJL6jI1aPOj4ARS71Dgpt5p9M,2024-07-08T21:50:18.242245+00:00
Restaurants,99,575 Miishien（Rice noodle soup）,9.201481481481482,"San Jose, CA",United States,Chinese,37.288792,'-121.990216,https://www.google.com/maps/search/?api=1&query=575+Miishien%EF%BC%88Rice+noodle+soup%EF%BC%89&query_place_id=ChIJJWMyOik1joARKpmtSrwrjUs,2024-08-10T02:10:32.739348+00:00
Restaurants,100,Mymy,9.193333333333333,"San Francisco, CA",United States,American; Breakfast; Brunch,37.7909126,'-122.4192199,https://www.google.com/maps/search/?api=1&query=Mymy&query_place_id=ChIJJ3tIspSAhYAR-Uzxpdu0DQk,2026-01-10T21:32:24.975326+00:00
Restaurants,101,el Mil Amores,9.193333333333333,"San Francisco, CA",United States,Mexican; Brunch,37.7576675,'-122.4104069,https://www.google.com/maps/search/?api=1&query=el+Mil+Amores&query_place_id=ChIJja4FTCd_j4ARm5A1qM5iEDo,2026-04-12T22:04:33.958641+00:00
Restaurants,102,Avli,9.177037037037037,Agia Anna,Greece,Greek,37.0696655,25.3544865,https://www.google.com/maps/search/?api=1&query=Avli&query_place_id=ChIJibcsRAsMmBQRK-_e7U00Ss8,2024-08-18T09:18:49.764218+00:00
Coffee & tea,15,Yutori,9.175,"Palo Alto, CA",United States,Cafe; Japanese; Matcha,37.4201157,'-122.1358167,https://www.google.com/maps/search/?api=1&query=Yutori&query_place_id=ChIJ0daGNgC7j4ARXKFaLT2Gm5Q,2026-06-07T16:14:32.513030+00:00
Restaurants,103,Duc Huong Sandwiches,9.168888888888889,"San Jose, CA",United States,Sandwiches; Vietnamese; Banh Mi,37.33132800000001,'-121.855022,https://www.google.com/maps/search/?api=1&query=Duc+Huong+Sandwiches&query_place_id=ChIJNbwnuSrNj4ARzmYyRInamkw,2024-07-01T16:27:59.619589+00:00
Restaurants,104,Frita Batidos Ann Arbor,9.16074074074074,"Ann Arbor, MI",United States,Cuban; Burgers; Street Food,42.2803524,'-83.7494414,https://www.google.com/maps/search/?api=1&query=Frita+Batidos+Ann+Arbor&query_place_id=ChIJx8yeAT2uPIgRjemtDnqZt4U,2024-07-08T23:33:25.371993+00:00
Restaurants,105,紅磡 港式飲茶婚宴會館 中華店,9.152592592592592,Taipei City,Taiwan,Dim Sum; Taiwanese; Chinese,25.043161,121.5080755,https://www.google.com/maps/search/?api=1&query=%E7%B4%85%E7%A3%A1+%E6%B8%AF%E5%BC%8F%E9%A3%B2%E8%8C%B6%E5%A9%9A%E5%AE%B4%E6%9C%83%E9%A4%A8+%E4%B8%AD%E8%8F%AF%E5%BA%97&query_place_id=ChIJ5-PXYwmpQjQRgP00DljFP6A,2024-05-14T22:18:44.514798+00:00
Dessert,9,Tong Sui Desserts & Drinks (San Mateo),9.148387096774194,"San Mateo, CA",United States,Asian; Dessert; Chinese,37.5657285,'-122.3228156,https://www.google.com/maps/search/?api=1&query=Tong+Sui+Desserts+%26+Drinks+%28San+Mateo%29&query_place_id=ChIJkc4PgMGfj4ARLqAROaUFcRg,2026-01-04T02:27:31.817024+00:00
Restaurants,106,Hofbräuhaus München,9.144444444444444,Munich,Germany,Brewery; German,48.1376098,11.5799253,https://www.google.com/maps/search/?api=1&query=Hofbr%C3%A4uhaus+M%C3%BCnchen&query_place_id=ChIJxfxSz4t1nkcRLxq9ze1wwak,2024-08-23T15:34:36.946439+00:00
Restaurants,107,Kajiken,9.136296296296296,"San Mateo, CA",United States,Noodles; Japanese; Ramen,37.5666911,'-122.3239936,https://www.google.com/maps/search/?api=1&query=Kajiken&query_place_id=ChIJoRzWonufj4ARgwyltSJXaP4,2026-05-17T06:26:40.719716+00:00
Bakeries,6,The Mill,9.131578947368421,"San Francisco, CA",United States,Bakery; Cafe,37.7764861,'-122.4378944,https://www.google.com/maps/search/?api=1&query=The+Mill&query_place_id=ChIJVzS3LbCAhYAR6Dw2KqlhWhg,2026-03-30T01:37:08.367259+00:00
Restaurants,108,Breakfast Little,9.128148148148147,"San Francisco, CA",United States,Breakfast; Mexican,37.7551823,'-122.4203797,https://www.google.com/maps/search/?api=1&query=Breakfast+Little&query_place_id=ChIJp60UGGR_j4ARDQrwY2PapRs,2026-05-30T18:50:57.941428+00:00
Restaurants,109,Peters Brauhaus,9.120000000000001,Cologne,Germany,German,50.93924149999999,6.960583499999999,https://www.google.com/maps/search/?api=1&query=Peters+Brauhaus&query_place_id=ChIJKRjiW7Alv0cRPlSDvVh5p8A,2023-06-11T04:58:10.450546+00:00
Coffee & tea,16,HEYTEA（Herald Square）,9.116071428571429,"New York, NY",United States,Chinese; Bubble Tea; Tea,40.7495903,'-73.98845639999999,https://www.google.com/maps/search/?api=1&query=HEYTEA%EF%BC%88Herald+Square%EF%BC%89&query_place_id=ChIJpwijuxtZwokROzgDDMymA4Y,2025-03-07T03:15:23.543326+00:00
Restaurants,110,Bocconcino Caffe and restaurant,9.111851851851853,St. Julian's,Malta,Italian; Sandwiches,35.915216,14.493179,https://www.google.com/maps/search/?api=1&query=Bocconcino+Caffe+and+restaurant&query_place_id=ChIJLX1J5EBFDhMRF4RB6dI547Y,2023-06-10T05:56:29.073434+00:00
Restaurants,111,Daeho Kalbi Jjim & Beef Soup,9.103703703703705,"Milpitas, CA",United States,Korean; Meat; Soup,37.4282936,'-121.9115026,https://www.google.com/maps/search/?api=1&query=Daeho+Kalbi+Jjim+%26+Beef+Soup&query_place_id=ChIJnbHwGr_Jj4AR0mGC6oLUAdc,2023-06-10T05:49:32.329461+00:00
Restaurants,112,Ramen Nagi,9.095555555555556,"Palo Alto, CA",United States,Japanese; Ramen; Noodles,37.4454813,'-122.1607245,https://www.google.com/maps/search/?api=1&query=Ramen+Nagi&query_place_id=ChIJR1988Qm7j4ARi_KmggVETuc,2023-06-10T05:45:09.595954+00:00
Restaurants,113,Sumiya,9.087407407407408,"Santa Clara, CA",United States,Japanese; Yakitori,37.338848,'-121.972908,https://www.google.com/maps/search/?api=1&query=Sumiya&query_place_id=ChIJYblqPWC1j4ARyLKXlQgGaJ0,2023-12-26T04:43:23.094059+00:00
Restaurants,114,Nepenthe,9.07925925925926,"Big Sur, CA",United States,Californian,36.22183649999999,'-121.7592895,https://www.google.com/maps/search/?api=1&query=Nepenthe&query_place_id=ChIJQ_ztClqEjYARRELZA9B9wbs,2024-07-14T06:52:25.029966+00:00
Restaurants,115,Nissaki Restaurant est. 1971,9.071111111111112,Naxos,Greece,Greek; Seafood,37.10031250000001,25.3736627,https://www.google.com/maps/search/?api=1&query=Nissaki+Restaurant+est.+1971&query_place_id=ChIJ11a_Qv4LmBQRTlzstc64ClM,2024-08-16T09:06:17.555600+00:00
Restaurants,116,Ahgassi Gopchang,9.062962962962963,"Los Angeles, CA",United States,Barbecue; Korean,34.0633917,'-118.3039389,https://www.google.com/maps/search/?api=1&query=Ahgassi+Gopchang&query_place_id=ChIJTcRmtpy4woARKJQw5y0HKoI,2026-08-09T18:51:10.332399+00:00
Restaurants,117,R & G Lounge,9.062962962962963,"San Francisco, CA",United States,Cantonese; Chinese; Dim Sum,37.7940966,'-122.4049027,https://www.google.com/maps/search/?api=1&query=R+%26+G+Lounge&query_place_id=ChIJVQHYG4uAhYARy5TU756NqIk,2023-06-10T05:31:59.864052+00:00
Coffee & tea,17,Boba Guys Los Altos,9.057142857142857,"Los Altos, CA",United States,Asian; Beverages,37.3786262,'-122.1182382,https://www.google.com/maps/search/?api=1&query=Boba+Guys+Los+Altos&query_place_id=ChIJQdcgQ9exj4AR5-EI5z52V0g,2024-07-08T23:28:05.520053+00:00
Bars,7,520 Cocktail Bar Restaurant,9.057142857142857,Νάξος,Greece,Greek,37.1056592,25.3757256,https://www.google.com/maps/search/?api=1&query=520+Cocktail+Bar+Restaurant&query_place_id=ChIJT9FqrdULmBQRnI3J0CMDpms,2024-08-16T09:05:14.755613+00:00
Restaurants,118,Baekjeong San Jose,9.046666666666667,"Santa Clara, CA",United States,Korean; Barbecue; Meat,37.3242123,'-121.9461185,https://www.google.com/maps/search/?api=1&query=Baekjeong+San+Jose&query_place_id=ChIJe56Tjt3Lj4AR0FTNz6rdazA,2024-01-13T06:45:33.507093+00:00
Dessert,10,Tong Sui Coconut Lab(Valley Fair),9.041935483870967,"Santa Clara, CA",United States,Dessert; Drinks; Chinese,37.324797,'-121.9472444,https://www.google.com/maps/search/?api=1&query=Tong+Sui+Coconut+Lab%28Valley+Fair%29&query_place_id=ChIJ4bY5fLLLj4ARDpqzrX5qBb8,2026-01-04T02:27:42.315102+00:00
Restaurants,119,Valley Goat,9.038518518518519,"Sunnyvale, CA",United States,American; Asian Fusion,37.4047382,'-122.0252156,https://www.google.com/maps/search/?api=1&query=Valley+Goat&query_place_id=ChIJR7rdIgC3j4AR5wmGxms9xhc,2026-05-23T04:47:55.721736+00:00
Restaurants,120,Ahgassi Gopchang NYC,9.03037037037037,"New York, NY",United States,Korean; Barbecue; Meat,40.7470799,'-73.9850233,https://www.google.com/maps/search/?api=1&query=Ahgassi+Gopchang+NYC&query_place_id=ChIJjc7gVtxZwokRN3Fzss0eS4g,2025-03-07T03:03:03.188508+00:00
Restaurants,121,Daeho Kalbijim & Beef Soup,9.022222222222222,"San Francisco, CA",United States,Korean,37.7858827,'-122.4285535,https://www.google.com/maps/search/?api=1&query=Daeho+Kalbijim+%26+Beef+Soup&query_place_id=ChIJVf29bvOBhYARVIE6JZtMYsk,2026-02-08T20:09:37.410601+00:00
Restaurants,122,Mian Sichuan Noodles (Santa Clara) 滋味小麵,9.014074074074074,"Santa Clara, CA",United States,Chinese; Sichuan,37.336272,'-121.9941848,https://www.google.com/maps/search/?api=1&query=Mian+Sichuan+Noodles+%28Santa+Clara%29+%E6%BB%8B%E5%91%B3%E5%B0%8F%E9%BA%B5&query_place_id=ChIJg5sGMhG1j4ARGD90OX2IDnM,2024-12-16T20:20:25.582015+00:00
Restaurants,123,Restaurant Chungdam,9.005925925925926,"Santa Clara, CA",United States,Barbecue; Korean,37.3520329,'-121.9843693,https://www.google.com/maps/search/?api=1&query=Restaurant+Chungdam&query_place_id=ChIJg0tZUwzKj4ARj6NIP_8ADis,2024-05-16T08:40:07.359915+00:00
Coffee & tea,18,Blue Bottle Coffee,8.998214285714287,"Los Gatos, CA",United States,Coffee Shop,37.223024,'-121.9824575,https://www.google.com/maps/search/?api=1&query=Blue+Bottle+Coffee&query_place_id=ChIJMUvfZdA1joARV818h5XCRDY,2024-07-14T06:52:06.664017+00:00
Restaurants,124,Kunjip,8.997777777777777,"Santa Clara, CA",United States,Korean; Soups,37.3457881,'-121.9787694,https://www.google.com/maps/search/?api=1&query=Kunjip&query_place_id=ChIJO79pfG7Kj4ARTnmoiEbJKEk,2023-12-28T00:36:12.730159+00:00
Restaurants,125,函館海鮮料理 海寿,8.98962962962963,Hakodate,Japan,Seafood; Japanese; Izakaya,41.7675049,140.7209981,https://www.google.com/maps/search/?api=1&query=%E5%87%BD%E9%A4%A8%E6%B5%B7%E9%AE%AE%E6%96%99%E7%90%86+%E6%B5%B7%E5%AF%BF&query_place_id=ChIJd7RiDKfznl8RoxBxVL8pOpo,2025-01-04T05:10:42.060574+00:00
Restaurants,126,Ethel's Fancy,8.981481481481481,"Palo Alto, CA",United States,American; Asian Fusion; Japanese,37.44648120000001,'-122.1599474,https://www.google.com/maps/search/?api=1&query=Ethel%27s+Fancy&query_place_id=ChIJRTRAoc67j4ARM-MLNMDboBo,2026-02-01T17:43:21.315932+00:00
Restaurants,127,Elliott's Oyster House,8.973333333333333,"Seattle, WA",United States,American; Seafood,47.6053824,'-122.3409499,https://www.google.com/maps/search/?api=1&query=Elliott%27s+Oyster+House&query_place_id=ChIJfToLAa5qkFQRRKwO4L3kGUU,2023-06-10T05:58:09.620363+00:00
Restaurants,128,180 Coffee Bakery,8.965185185185184,İstanbul,Türkiye,Australian,40.98481149999999,29.0267406,https://www.google.com/maps/search/?api=1&query=180+Coffee+Bakery&query_place_id=ChIJK6LpO2G4yhQRC0MLfy93RPg,2023-06-10T05:46:40.828714+00:00
Bakeries,7,Flour Bakery + Cafe,8.957894736842105,"Cambridge, MA",United States,American; Bakery; Cafe; Sandwiches,42.3730418,'-71.1224076,https://www.google.com/maps/search/?api=1&query=Flour+Bakery+%2B+Cafe&query_place_id=ChIJrQEeDGh344kRKj2iC2OE9zc,2024-04-07T17:22:15.616227+00:00
Restaurants,129,Antica Pizzeria Di Matteo,8.957037037037036,Naples,Italy,Pizza,40.85125120000001,14.2579677,https://www.google.com/maps/search/?api=1&query=Antica+Pizzeria+Di+Matteo&query_place_id=ChIJ5Thu70EIOxMRr5t-mAnq5uw,2023-06-10T06:11:33.360271+00:00
Restaurants,130,Rioja,8.948888888888888,"Denver, CO",United States,American; Spanish,39.7479417,'-104.9994667,https://www.google.com/maps/search/?api=1&query=Rioja&query_place_id=ChIJD6avbcV4bIcRTCc7gSIwm-0,2024-01-06T06:29:56.639346+00:00
Restaurants,131,Zum sushi,8.940740740740742,"Pacific Grove, CA",United States,Japanese; Sushi,36.61807,'-121.9061302,https://www.google.com/maps/search/?api=1&query=Zum+sushi&query_place_id=ChIJE-KVQKvmjYARrJPJLCFh8fU,2024-07-14T06:53:07.742518+00:00
Coffee & tea,19,Chicha San Chen,8.939285714285715,"New York, NY",United States,Taiwanese; Bubble Tea; Tea,40.71572820000001,'-73.9982357,https://www.google.com/maps/search/?api=1&query=Chicha+San+Chen&query_place_id=ChIJeXXYDwBbwokRivTBRzTyJCs,2025-01-27T17:52:11.388687+00:00
Dessert,11,Dandelion Chocolate,8.935483870967742,"San Francisco, CA",United States,Cafe; Chocolate Shop,37.761013,'-122.4216972,https://www.google.com/maps/search/?api=1&query=Dandelion+Chocolate&query_place_id=ChIJ3d31Iz1-j4ARkwerSZRVQjM,2026-04-05T23:15:30.061614+00:00
Restaurants,132,Roast Beef Ohno Harajuku Branch,8.932592592592593,Tokyo,Japan,Asian; Japanese,35.6690422,139.7062561,https://www.google.com/maps/search/?api=1&query=Roast+Beef+Ohno+Harajuku+Branch&query_place_id=ChIJAQAQgaSMGGAR31zJxUoIEtc,2025-01-08T01:37:02.911963+00:00
Restaurants,133,Kaaloa's Super J's,8.924444444444445,"Captain Cook, HI",United States,Hawaiian,19.4536491,'-155.8799224,https://www.google.com/maps/search/?api=1&query=Kaaloa%27s+Super+J%27s&query_place_id=ChIJZbycIO0AVHkRdwDq-JcPo60,2026-07-12T01:27:37.836999+00:00
Restaurants,134,Piccola Cucina Estiatorio,8.916296296296297,"New York, NY",United States,Italian,40.7246842,'-74.0031818,https://www.google.com/maps/search/?api=1&query=Piccola+Cucina+Estiatorio&query_place_id=ChIJlQbeXYxZwokRnKjjqj-xmxM,2025-03-09T03:46:42.781955+00:00
Restaurants,135,Shang Cafe San Jose,8.908148148148149,"San Jose, CA",United States,Chinese; Sichuan,37.3086802,'-122.012402,https://www.google.com/maps/search/?api=1&query=Shang+Cafe+San+Jose&query_place_id=ChIJceiBSg61j4ARPic_HgUjNC4,2024-07-10T20:51:17.446602+00:00
Restaurants,136,Black Dog Smoke & Ale House,8.9,"Urbana, IL",United States,Barbecue; American,40.1135361,'-88.2076068,https://www.google.com/maps/search/?api=1&query=Black+Dog+Smoke+%26+Ale+House&query_place_id=ChIJL5f-d3XXDIgR8Etj5AEv7Tc,2024-08-23T15:47:10.657996+00:00
Bars,8,Paradise Beach Club Mykonos,8.9,,Greece,Bar; Greek,37.410267,25.3556409,https://www.google.com/maps/search/?api=1&query=Paradise+Beach+Club+Mykonos&query_place_id=ChIJn6Wflay_ohQRVP0VIqpNGAM,2024-08-19T08:12:32.886088+00:00
Restaurants,137,そば源 神居店,8.891851851851852,Asahikawa,Japan,Soba; Japanese,43.7443065,142.3439326,https://www.google.com/maps/search/?api=1&query=%E3%81%9D%E3%81%B0%E6%BA%90+%E7%A5%9E%E5%B1%85%E5%BA%97&query_place_id=ChIJbTdW7JDoDF8RhKne1BDY0Cw,2025-01-04T05:20:52.546247+00:00
Restaurants,138,Hibari,8.883703703703704,"Portola Valley, CA",United States,Japanese; Sushi,37.4019987,'-122.19322,https://www.google.com/maps/search/?api=1&query=Hibari&query_place_id=ChIJKShbFMelj4AR11VKkU1Ia_w,2026-05-03T20:23:50.511977+00:00
Coffee & tea,20,TP TEA Berkeley (Taiwan Professional Tea),8.880357142857143,"Berkeley, CA",United States,Taiwanese; Bubble Tea; Coffee,37.86720469999999,'-122.2586518,https://www.google.com/maps/search/?api=1&query=TP+TEA+Berkeley+%28Taiwan+Professional+Tea%29&query_place_id=ChIJGX8eo919hYARRcxPfxkvoig,2024-08-23T15:32:37.929690+00:00
Restaurants,139,Hangari Kalguksu,8.875555555555556,"Los Angeles, CA",United States,Korean; Noodles; Soup,34.0628876,'-118.2975914,https://www.google.com/maps/search/?api=1&query=Hangari+Kalguksu&query_place_id=ChIJx5nRNIK4woARACjYThjJXB0,2026-08-09T19:33:20.594382+00:00
Restaurants,140,Ulavacharu Tiffins,8.867407407407407,"Santa Clara, CA",United States,Indian; South Indian,37.3520011,'-121.9935289,https://www.google.com/maps/search/?api=1&query=Ulavacharu+Tiffins&query_place_id=ChIJqXZ38qu1j4ARv7ApwdhbupQ,2025-09-09T04:19:13.203663+00:00
Restaurants,141,Layang Layang Malaysian Cuisine,8.85925925925926,"Milpitas, CA",United States,Malaysian,37.4289639,'-121.9111917,https://www.google.com/maps/search/?api=1&query=Layang+Layang+Malaysian+Cuisine&query_place_id=ChIJT2l5KCjJj4ARlO4m7hoaXlo,2025-08-06T04:00:49.079161+00:00
Restaurants,142,Ma You BBQ+Hotpot 马友快闪店,8.851111111111111,"Milpitas, CA",United States,Hotpot; Chinese,37.4558618,'-121.9106422,https://www.google.com/maps/search/?api=1&query=Ma+You+BBQ%2BHotpot+%E9%A9%AC%E5%8F%8B%E5%BF%AB%E9%97%AA%E5%BA%97&query_place_id=ChIJfazwl1XJj4ARzE5Wrs1GaAU,2024-05-16T09:03:28.215434+00:00
Restaurants,143,Somos Ecuador Restaurante,8.842962962962963,Quito,Ecuador,Ecuadorian; Latin American,'-0.1826782,'-78.4759904,https://www.google.com/maps/search/?api=1&query=Somos+Ecuador+Restaurante&query_place_id=ChIJz5jnjVWb1ZERSoaKpJngEPg,2024-02-20T11:35:57.591103+00:00
Restaurants,144,Terrasse de l'Alcazar,8.834814814814814,Paris,France,French,48.8544998,2.337629299999999,https://www.google.com/maps/search/?api=1&query=Terrasse+de+l%27Alcazar&query_place_id=ChIJgfh6xdhx5kcRTdL6-Nz_qWo,2024-07-08T22:50:37.397579+00:00
Dessert,12,Salt & Straw,8.829032258064515,"Palo Alto, CA",United States,Ice Cream,37.4454727,'-122.1618342,https://www.google.com/maps/search/?api=1&query=Salt+%26+Straw&query_place_id=ChIJFQRNBlW7j4AR12mT2ZPLpPg,2026-03-30T01:30:18.801571+00:00
Restaurants,145,Bouchon Bistro,8.826666666666666,"Yountville, CA",United States,Bistro; French,38.402587,'-122.3619048,https://www.google.com/maps/search/?api=1&query=Bouchon+Bistro&query_place_id=ChIJz0P9TVFVhIAR5zMRfSSr05U,2024-11-26T22:38:31.272136+00:00
Coffee & tea,21,TP TEA – Cupertino,8.821428571428571,"Cupertino, CA",United States,Bubble Tea,37.311288,'-122.023624,https://www.google.com/maps/search/?api=1&query=TP+TEA+%E2%80%93+Cupertino&query_place_id=ChIJTRDQZ_K1j4ARqdjFU7FbSes,2024-08-23T15:32:15.520606+00:00
Restaurants,146,Leichi,8.818518518518518,"Santa Clara, CA",United States,Japanese; Izakaya,37.32968839999999,'-121.9667866,https://www.google.com/maps/search/?api=1&query=Leichi&query_place_id=ChIJZXIcnPPKj4ARtdNo8ZQce2A,2026-06-12T16:11:58.432121+00:00
Restaurants,147,Liuyishou Hot Pot (San Jose) 刘一手(圣何塞),8.81037037037037,"San Jose, CA",United States,Chinese; Hot Pot,37.3027155,'-122.0327352,https://www.google.com/maps/search/?api=1&query=Liuyishou+Hot+Pot+%28San+Jose%29+%E5%88%98%E4%B8%80%E6%89%8B%28%E5%9C%A3%E4%BD%95%E5%A1%9E%29&query_place_id=ChIJv5Nla9y1j4ARGt7f0prYWao,2024-05-16T08:41:49.138326+00:00
Restaurants,148,Seogwan by Yellowcow Kbbq 서관면옥,8.802222222222222,"Los Angeles, CA",United States,Korean,34.05751110000001,'-118.3056232,https://www.google.com/maps/search/?api=1&query=Seogwan+by+Yellowcow+Kbbq+%EC%84%9C%EA%B4%80%EB%A9%B4%EC%98%A5&query_place_id=ChIJPXI39Zu5woARWsiJAuXL92k,2026-08-10T02:16:55.069398+00:00
Restaurants,149,Dan Izakaya Restaurant,8.794074074074075,"San Jose, CA",United States,Izakaya; Japanese,37.300311,'-121.9800394,https://www.google.com/maps/search/?api=1&query=Dan+Izakaya+Restaurant&query_place_id=ChIJsbLE36_Kj4ARgp_-rkOUYpg,2024-07-22T16:34:44.800617+00:00
Restaurants,150,Vail Chophouse,8.785925925925927,"Vail, CO",United States,Steakhouse,39.6431236,'-106.3885415,https://www.google.com/maps/search/?api=1&query=Vail+Chophouse&query_place_id=ChIJr5aK6GBwaocRm5imsAGnusI,2024-07-08T21:44:34.616936+00:00
Bakeries,8,Pineapple King Bakery - Fremont,8.784210526315789,"Fremont, CA",United States,Bakery; Chinese,37.4885114,'-121.9291489,https://www.google.com/maps/search/?api=1&query=Pineapple+King+Bakery+-+Fremont&query_place_id=ChIJCwH3SALHj4AR3zMuim9Gong,2024-08-23T15:37:02.426742+00:00
Restaurants,151,Chicken Meets Rice (inside EatUp! by 99 Ranch),8.777777777777779,"Cupertino, CA",United States,Chicken; Chinese,37.3167233,'-122.0338357,https://www.google.com/maps/search/?api=1&query=Chicken+Meets+Rice+%28inside+EatUp%21+by+99+Ranch%29&query_place_id=ChIJk-7qoey1j4ARjVHJ5_8expU,2023-12-26T04:04:03.033470+00:00
Restaurants,152,TAI ER SICHUAN CUISINE 太二川菜 (SAN MATEO),8.76962962962963,"San Mateo, CA",United States,Chinese; Szechuan,37.5633148,'-122.3234036,https://www.google.com/maps/search/?api=1&query=TAI+ER+SICHUAN+CUISINE+%E5%A4%AA%E4%BA%8C%E5%B7%9D%E8%8F%9C+%28SAN+MATEO%29&query_place_id=ChIJMbhCJACfj4ARV_ldP34pF5E,2025-08-17T17:23:46.394705+00:00
Coffee & tea,22,TP TEA San Mateo,8.7625,"San Mateo, CA",United States,Asian; Bubble Tea,37.5634216,'-122.3238095,https://www.google.com/maps/search/?api=1&query=TP+TEA+San+Mateo&query_place_id=ChIJvfXWeyufj4ARXk8njT_ItPs,2024-07-18T03:48:29.589928+00:00
Restaurants,153,Hunan House,8.761481481481482,"Sunnyvale, CA",United States,Sichuan; Chinese; Hunan,37.3766525,'-122.0287799,https://www.google.com/maps/search/?api=1&query=Hunan+House&query_place_id=ChIJRWU8M_a3j4ARt7n30Cdnxhs,2025-06-04T01:36:16.017368+00:00
Restaurants,154,LeShan Beef 乐山古镇跷脚牛肉,8.753333333333334,"San Jose, CA",United States,Chinese; Sichuan,37.3073379,'-122.0317273,https://www.google.com/maps/search/?api=1&query=LeShan+Beef+%E4%B9%90%E5%B1%B1%E5%8F%A4%E9%95%87%E8%B7%B7%E8%84%9A%E7%89%9B%E8%82%89&query_place_id=ChIJS_0XTH-1j4AREemaBfUcpu4,2024-06-27T04:04:32.812935+00:00
Restaurants,155,Yuanbao Jiaozi 元寶餃子,8.745185185185186,"San Francisco, CA",United States,Chinese; Dumplings; Noodles,37.7635395,'-122.4807449,https://www.google.com/maps/search/?api=1&query=Yuanbao+Jiaozi+%E5%85%83%E5%AF%B6%E9%A4%83%E5%AD%90&query_place_id=ChIJifiQHXCHhYARUE-zmI9jYN0,2025-12-30T05:24:51.773794+00:00
Bars,9,Tropicana Beach Bar - Restaurant,8.742857142857144,,Greece,Bar,37.410265,25.356756,https://www.google.com/maps/search/?api=1&query=Tropicana+Beach+Bar+-+Restaurant&query_place_id=ChIJFSY0Wb6-ohQRwx-lDrmNhPM,2024-08-19T08:11:30.349622+00:00
Restaurants,156,Lei Garden,8.737037037037037,"Cupertino, CA",United States,Cantonese; Chinese; Dim Sum,37.3246298,'-122.0347293,https://www.google.com/maps/search/?api=1&query=Lei+Garden&query_place_id=ChIJByeXebK1j4ARpEboD1Ouz1A,2023-10-18T16:20:11.170117+00:00
Restaurants,157,PHỞ HÀ NỘI SAN JOSE,8.72888888888889,"San Jose, CA",United States,Vietnamese; Pho,37.3324944,'-121.8583222,https://www.google.com/maps/search/?api=1&query=PH%E1%BB%9E+H%C3%80+N%E1%BB%98I+SAN+JOSE&query_place_id=ChIJ2T4Vbn4tjoARh_fM1VyR9do,2024-05-09T05:55:41.028679+00:00
Dessert,13,Hui Lau Shan,8.72258064516129,"Cupertino, CA",United States,Dessert; Asian; Ice Cream,37.32224240000001,'-122.0167184,https://www.google.com/maps/search/?api=1&query=Hui+Lau+Shan&query_place_id=ChIJ4cpLi_K1j4ARWvuG-BNrEAg,2026-05-03T05:15:51.049225+00:00
Restaurants,158,Panchita's Pupusería & Restaurant,8.720740740740741,"San Francisco, CA",United States,Salvadoran,37.76471129999999,'-122.4216374,https://www.google.com/maps/search/?api=1&query=Panchita%27s+Pupuser%C3%ADa+%26+Restaurant&query_place_id=ChIJ9xX3USJ-j4ARbOaAJfykQgU,2024-06-25T20:28:53.344502+00:00
Restaurants,159,Rose International Market,8.712592592592593,"Mountain View, CA",United States,Persian,37.38559170000001,'-122.0845741,https://www.google.com/maps/search/?api=1&query=Rose+International+Market&query_place_id=ChIJ0x_Ut2exj4ARKjiJYr6ajHE,2025-09-14T21:28:55.941634+00:00
Restaurants,160,Meral Imbiss,8.704444444444444,Frankfurt,Germany,Kebab; Turkish; Seafood,50.1058919,8.677785100000001,https://www.google.com/maps/search/?api=1&query=Meral+Imbiss&query_place_id=ChIJwdxo7ngTc0ERvQITyc6VjFY,2023-06-11T04:52:04.355922+00:00
Coffee & tea,23,Urban Ritual Cafe,8.70357142857143,"San Francisco, CA",United States,Bubble Tea; Tea; Dessert,37.77570139999999,'-122.4258572,https://www.google.com/maps/search/?api=1&query=Urban+Ritual+Cafe&query_place_id=ChIJX7KNJy1-j4ARfn1gMtb2ryM,2025-10-13T06:37:44.163442+00:00
Restaurants,161,10 Butchers Korean BBQ,8.696296296296296,"Sunnyvale, CA",United States,Barbecue; Korean; Meat,37.36281639999999,'-122.0254525,https://www.google.com/maps/search/?api=1&query=10+Butchers+Korean+BBQ&query_place_id=ChIJy-7zvVS3j4AR5plrODhDwJg,2023-06-10T05:38:44.688853+00:00
Restaurants,162,Marnee Thai Restaurant,8.688148148148148,"San Francisco, CA",United States,Thai,37.7651191,'-122.466611,https://www.google.com/maps/search/?api=1&query=Marnee+Thai+Restaurant&query_place_id=ChIJRQiL_VyHhYARDJPvbliHh-o,2023-06-10T05:34:00.756543+00:00
Restaurants,163,Gochi Japanese Fusion Tapas,8.68,"Mountain View, CA",United States,Japanese,37.3933694,'-122.0981222,https://www.google.com/maps/search/?api=1&query=Gochi+Japanese+Fusion+Tapas&query_place_id=ChIJdfqG9riwj4AR7gGgAWgXlgc,2023-06-29T01:46:43.024019+00:00
Restaurants,164,Sekoya Lounge & Kitchen,8.671851851851851,"Palo Alto, CA",United States,Californian; Global; Bar,37.426165,'-122.1446335,https://www.google.com/maps/search/?api=1&query=Sekoya+Lounge+%26+Kitchen&query_place_id=ChIJ01vXyRe7j4AR-OHHd-tVxXg,2026-02-28T20:53:02.117675+00:00
Restaurants,165,Mikiya Wagyu Shabu House,8.663703703703703,"Santa Clara, CA",United States,Japanese; Shabu Shabu; Hot Pot,37.3374799,'-121.9951621,https://www.google.com/maps/search/?api=1&query=Mikiya+Wagyu+Shabu+House&query_place_id=ChIJVe_0K9m1j4AR2DRSXeB8LH8,2026-06-12T16:11:24.594982+00:00
Restaurants,166,Jang Su Jang,8.655555555555555,"Santa Clara, CA",United States,Barbecue; Korean,37.3536629,'-121.9948711,https://www.google.com/maps/search/?api=1&query=Jang+Su+Jang&query_place_id=ChIJR-8-Fva1j4ARNOEp6OoFzKs,2024-05-16T08:17:43.041383+00:00
Restaurants,167,Cranes,8.647407407407407,"Washington, DC",United States,Asian Fusion; Tapas; Spanish,38.8991979,'-77.02418949999999,https://www.google.com/maps/search/?api=1&query=Cranes&query_place_id=ChIJ0Qfj-l-3t4kRGcx_Y4QZf6I,2025-05-14T22:56:31.326749+00:00
Coffee & tea,24,Wanpo Tea Shop,8.644642857142857,"Palo Alto, CA",United States,Bubble Tea; Tea,37.4427023,'-122.1726089,https://www.google.com/maps/search/?api=1&query=Wanpo+Tea+Shop&query_place_id=ChIJgxejuoG7j4ARE1MO_azLAFg,2024-08-23T15:31:56.211321+00:00
Restaurants,168,DAMSO,8.639259259259259,"Santa Clara, CA",United States,Korean,37.352083,'-121.9793473,https://www.google.com/maps/search/?api=1&query=DAMSO&query_place_id=ChIJzeAMYA7Lj4ARoydoo4N_wk4,2024-08-23T15:33:07.133695+00:00
Restaurants,169,Seorai Korean Bbq,8.63111111111111,"Santa Clara, CA",United States,Barbecue; Korean,37.351984,'-121.981579,https://www.google.com/maps/search/?api=1&query=Seorai+Korean+Bbq&query_place_id=ChIJy9g-svLLj4ARlMBCdWcxO2Y,2023-07-16T17:44:58.217002+00:00
Restaurants,170,The Fish Market Maui,8.622962962962962,"Lahaina, HI",United States,Seafood; Tacos; Sandwiches,20.952354,'-156.686417,https://www.google.com/maps/search/?api=1&query=The+Fish+Market+Maui&query_place_id=ChIJJxNFxsfUqn4RfUDWmjwA1O8,2023-12-24T03:38:59.742340+00:00
Dessert,14,Mango Mango Dessert - Pittsburgh,8.616129032258065,"Pittsburgh, PA",United States,Chinese; Dessert,40.43823209999999,'-79.9211321,https://www.google.com/maps/search/?api=1&query=Mango+Mango+Dessert+-+Pittsburgh&query_place_id=ChIJ1dhdj9DzNIgRq-oBsgsyo8U,2024-08-26T16:06:36.826540+00:00
Restaurants,171,Black Sheep Bagel Cafe,8.614814814814816,"Cambridge, MA",United States,Bagels,42.3718,'-71.1205636,https://www.google.com/maps/search/?api=1&query=Black+Sheep+Bagel+Cafe&query_place_id=ChIJyZlH1-p344kRUbFnrN_kxX0,2025-08-29T15:57:15.478414+00:00
Bakeries,9,Mike's Pastry,8.610526315789475,"Boston, MA",United States,Bakery; Italian,42.3641693,'-71.0542126,https://www.google.com/maps/search/?api=1&query=Mike%27s+Pastry&query_place_id=ChIJs0kxSjWo4okR6109vVboQ64,2025-08-29T15:58:34.453024+00:00
Restaurants,172,Sichuan Home,8.606666666666667,"San Francisco, CA",United States,Chinese; Sichuan; Szechuan,37.7803645,'-122.4735445,https://www.google.com/maps/search/?api=1&query=Sichuan+Home&query_place_id=ChIJ95iY6haHhYARtOr7VcGNGQE,2025-06-04T01:35:37.960295+00:00
Restaurants,173,Station House Cafe,8.59851851851852,"Point Reyes Station, CA",United States,American,38.0679562,'-122.8062016,https://www.google.com/maps/search/?api=1&query=Station+House+Cafe&query_place_id=ChIJrR2eaoHGhYARcMRVGIoCBPQ,2025-06-27T01:20:50.862356+00:00
Restaurants,174,Mazel Tov,8.59037037037037,Budapest,Hungary,Mediterranean; Israeli,47.5002778,19.0655242,https://www.google.com/maps/search/?api=1&query=Mazel+Tov&query_place_id=ChIJkQtc62jcQUcR-LiTHtkcmfU,2024-07-08T23:00:50.856864+00:00
Coffee & tea,25,HEYTEA (Broadway),8.585714285714285,"New York, NY",United States,Chinese; Bubble Tea,40.7534479,'-73.9875509,https://www.google.com/maps/search/?api=1&query=HEYTEA+%28Broadway%29&query_place_id=ChIJy44fekJZwokRQtXYcPHJtD0,2025-03-07T03:15:04.139262+00:00
Bars,10,Biergarten,8.585714285714285,"San Francisco, CA",United States,Bar Food; German,37.7760738,'-122.4240612,https://www.google.com/maps/search/?api=1&query=Biergarten&query_place_id=ChIJp4nrB6KAhYARhS8cKd1vZ5Q,2026-03-30T01:55:01.748191+00:00
Restaurants,175,Kitchen Nagamori,8.582222222222223,Sapporo,Japan,Japanese; Seafood,43.0584772,141.3586927,https://www.google.com/maps/search/?api=1&query=Kitchen+Nagamori&query_place_id=ChIJWaa4W4IpC18RvzSmXkOfu30,2025-01-08T02:00:04.671457+00:00
Restaurants,176,Meyhouse,8.574074074074074,"Palo Alto, CA",United States,Turkish,37.44329909999999,'-122.1609897,https://www.google.com/maps/search/?api=1&query=Meyhouse&query_place_id=ChIJgfDze5W7j4ARwXfuLNFJ6jM,2026-05-17T05:59:44.272818+00:00
Restaurants,177,Rossotti’s Alpine Inn,8.565925925925926,"Portola Valley, CA",United States,American; Pizza; Californian,37.382221,'-122.193769,https://www.google.com/maps/search/?api=1&query=Rossotti%E2%80%99s+Alpine+Inn&query_place_id=ChIJBZrpYl-lj4AR4K5ngtG0KOE,2024-06-18T20:18:38.513479+00:00
Restaurants,178,Wooga Korean BBQ,8.557777777777778,"Cupertino, CA",United States,Korean; Barbecue,37.3158056,'-122.033632,https://www.google.com/maps/search/?api=1&query=Wooga+Korean+BBQ&query_place_id=ChIJOaNLNQC1j4ARvzbaz4lodR4,2024-06-26T04:01:17.952908+00:00
Restaurants,179,The Daily Catch North End,8.54962962962963,"Boston, MA",United States,Italian; Seafood,42.3640869,'-71.0539215,https://www.google.com/maps/search/?api=1&query=The+Daily+Catch+North+End&query_place_id=ChIJh5s-F4lw44kRVNNe4L7moqU,2023-12-26T07:31:20.278383+00:00
Restaurants,180,Polenta Trattoria Friulana,8.541481481481481,"San Francisco, CA",United States,Italian,37.776967,'-122.4315976,https://www.google.com/maps/search/?api=1&query=Polenta+Trattoria+Friulana&query_place_id=ChIJsRnS1-mBhYARcEWRauL5FJs,2026-09-14T07:19:32.693830+00:00
Restaurants,181,Shinta Japanese BBQ,8.533333333333333,"Toronto, ON",Canada,Barbecue; Japanese,43.7686667,'-79.41209479999999,https://www.google.com/maps/search/?api=1&query=Shinta+Japanese+BBQ&query_place_id=ChIJXQIPNCctK4gR3vtwlNwr1NI,2024-02-20T11:33:58.784066+00:00
Coffee & tea,26,Temp & Time,8.526785714285714,"Menlo Park, CA",United States,Bakery; Cafe; Matcha,37.4565375,'-122.1883738,https://www.google.com/maps/search/?api=1&query=Temp+%26+Time&query_place_id=ChIJr9NJ85Klj4ARnKBL3zhExSM,2025-06-27T01:17:59.085362+00:00
Restaurants,182,Long Men Bay Hotpot 龙门湾,8.525185185185185,"Newark, CA",United States,Chinese; Hot Pot,37.5233645,'-122.0076689,https://www.google.com/maps/search/?api=1&query=Long+Men+Bay+Hotpot+%E9%BE%99%E9%97%A8%E6%B9%BE&query_place_id=ChIJf7HGYoS_j4AROP_rfX3fhHI,2024-01-15T19:33:18.655481+00:00
Restaurants,183,Rincon Sabroso Restaurant,8.517037037037037,"Mountain View, CA",United States,Salvadoran,37.40437039999999,'-122.0975494,https://www.google.com/maps/search/?api=1&query=Rincon+Sabroso+Restaurant&query_place_id=ChIJ--MPCaWwj4ARyYAEuYhsf0E,2023-07-16T17:44:13.672545+00:00
Dessert,15,Meet Fresh Cupertino,8.509677419354839,"Cupertino, CA",United States,Dessert; Taiwanese; Bubble Tea,37.324457,'-122.0111853,https://www.google.com/maps/search/?api=1&query=Meet+Fresh+Cupertino&query_place_id=ChIJTcIQDp61j4ARAt6_Xlg-ucM,2023-12-24T03:20:24.390232+00:00
Restaurants,184,Koi Palace - Milpitas,8.508888888888889,"Milpitas, CA",United States,Cantonese; Chinese; Dim Sum,37.4194304,'-121.9156903,https://www.google.com/maps/search/?api=1&query=Koi+Palace+-+Milpitas&query_place_id=ChIJoQ_4GCXJj4ARePQjGUR2zOc,2023-06-29T01:46:04.805916+00:00
Restaurants,185,Absinthe Brasserie & Bar,8.50074074074074,"San Francisco, CA",United States,Bar; Cocktail Bar; French,37.77710419999999,'-122.4227403,https://www.google.com/maps/search/?api=1&query=Absinthe+Brasserie+%26+Bar&query_place_id=ChIJ1T-IlZiAhYAR5m-Mps4qLFk,2026-08-29T19:58:13.108590+00:00
Restaurants,186,Go Duck Yourself 去你鸭的,8.492592592592592,"San Francisco, CA",United States,Chinese,37.7392961,'-122.4170613,https://www.google.com/maps/search/?api=1&query=Go+Duck+Yourself+%E5%8E%BB%E4%BD%A0%E9%B8%AD%E7%9A%84&query_place_id=ChIJH4SYagB_j4ARxDhsP_fdEmU,2025-09-27T05:23:28.460950+00:00
Restaurants,187,Cheeseboat Hell's Kitchen,8.484444444444444,"New York, NY",United States,Georgian,40.7638842,'-73.9890016,https://www.google.com/maps/search/?api=1&query=Cheeseboat+Hell%27s+Kitchen&query_place_id=ChIJr3AB_oJZwokRod2Io-keXUk,2025-01-27T17:40:48.107638+00:00
Restaurants,188,La Note,8.476296296296296,"Berkeley, CA",United States,Breakfast; French; Brunch,37.866206,'-122.267249,https://www.google.com/maps/search/?api=1&query=La+Note&query_place_id=ChIJB_-A0oJ-hYARwmbyJJR3sUo,2023-09-02T19:17:47.843165+00:00
Restaurants,189,Pho Element,8.468148148148149,"San Mateo, CA",United States,Pho; Vietnamese,37.5460099,'-122.3077309,https://www.google.com/maps/search/?api=1&query=Pho+Element&query_place_id=ChIJ3yb8APmej4ARLbgxXT1Iis8,2025-06-05T03:37:38.191467+00:00
Coffee & tea,27,Q Specialty Coffee,8.467857142857143,"San Francisco, CA",United States,Matcha,37.7868563,'-122.4515284,https://www.google.com/maps/search/?api=1&query=Q+Specialty+Coffee&query_place_id=ChIJO8zAAwCHhYARXbryWSV-3iA,2026-09-14T07:19:00.980082+00:00
Restaurants,190,Anatolian Kitchen,8.46,"Palo Alto, CA",United States,Middle Eastern; Turkish,37.4270754,'-122.1444095,https://www.google.com/maps/search/?api=1&query=Anatolian+Kitchen&query_place_id=ChIJ-RTutuW6j4AR4VYL3DZDAvg,2024-07-10T21:19:23.569317+00:00
Restaurants,191,Noodle Dynasty,8.451851851851853,"Berkeley, CA",United States,Chinese,37.866396,'-122.2589205,https://www.google.com/maps/search/?api=1&query=Noodle+Dynasty&query_place_id=ChIJeUkvsyl9hYARhs3EJz9Mpk8,2024-11-26T22:37:55.408862+00:00
Restaurants,192,The Porch at Schenley,8.443703703703704,"Pittsburgh, PA",United States,American,40.4427046,'-79.95306360000001,https://www.google.com/maps/search/?api=1&query=The+Porch+at+Schenley&query_place_id=ChIJB8suhyjyNIgROsd4vPcFiDU,2024-04-22T13:30:59.189997+00:00
Bakeries,10,Mike's Pastry,8.436842105263159,"Cambridge, MA",United States,Bakery; Dessert; Italian,42.37300889999999,'-71.11908249999999,https://www.google.com/maps/search/?api=1&query=Mike%27s+Pastry&query_place_id=ChIJvflGxEJ344kRtJy2l2-wm1Y,2025-08-29T15:58:46.260816+00:00
Restaurants,193,James Hook & Co,8.435555555555556,"Boston, MA",United States,American; New England; Seafood,42.3549505,'-71.0509842,https://www.google.com/maps/search/?api=1&query=James+Hook+%26+Co&query_place_id=ChIJO_bkQH5w44kRcep5YV5p5sA,2025-08-24T16:19:09.746056+00:00
Bars,11,Pins Mechanical Co.,8.428571428571429,"Pittsburgh, PA",United States,Bar,40.4279118,'-79.9647323,https://www.google.com/maps/search/?api=1&query=Pins+Mechanical+Co.&query_place_id=ChIJBbnBysbxNIgRVL6qmMLYdsY,2024-09-07T02:36:18.767245+00:00
Restaurants,194,Dragon Beaux,8.427407407407408,"San Francisco, CA",United States,Dim Sum; Cantonese; Chinese,37.780508,'-122.4806996,https://www.google.com/maps/search/?api=1&query=Dragon+Beaux&query_place_id=ChIJXbSH3w-HhYAR7x1xc3I2GGA,2025-06-14T02:00:22.977797+00:00
Restaurants,195,Four Kings 四大天王,8.41925925925926,"San Francisco, CA",United States,Cantonese; Chinese; Asian Fusion,37.7940708,'-122.4051035,https://www.google.com/maps/search/?api=1&query=Four+Kings+%E5%9B%9B%E5%A4%A7%E5%A4%A9%E7%8E%8B&query_place_id=ChIJD_erQf2BhYARF5m3aYOjjDk,2025-06-16T21:05:50.831472+00:00
Restaurants,196,Elena's Mexican Restaurant,8.411111111111111,"San Francisco, CA",United States,Mexican,37.7383702,'-122.4683402,https://www.google.com/maps/search/?api=1&query=Elena%27s+Mexican+Restaurant&query_place_id=ChIJz-B4o-p9j4ARIYui7RFnlBA,2026-07-05T16:21:52.679967+00:00
Coffee & tea,28,Andytown Coffee Roasters,8.408928571428572,"San Francisco, CA",United States,Coffee Shop; Cafe,37.7566712,'-122.5023147,https://www.google.com/maps/search/?api=1&query=Andytown+Coffee+Roasters&query_place_id=ChIJee4DupqHhYARXadb2DlBtr8,2025-12-25T01:29:35.390902+00:00
Dessert,16,Kara’s Cupcakes Palo Alto,8.403225806451612,"Palo Alto, CA",United States,Cake; Cookies; Dessert,37.43824609999999,'-122.160368,https://www.google.com/maps/search/?api=1&query=Kara%E2%80%99s+Cupcakes+Palo+Alto&query_place_id=ChIJDZSaAiW7j4ARYhoBPY04JeY,2023-12-28T00:50:05.562409+00:00
Restaurants,197,Tony's Pizza Napoletana,8.402962962962963,"San Francisco, CA",United States,Italian; Pizza,37.8003359,'-122.4090227,https://www.google.com/maps/search/?api=1&query=Tony%27s+Pizza+Napoletana&query_place_id=ChIJHXHcEvGAhYARQPuHNN78s78,2026-02-01T17:42:07.273753+00:00
Restaurants,198,Taylor Shellfish Oyster Bar,8.394814814814815,"Seattle, WA",United States,Seafood; Pacific Northwest; American,47.59883249999999,'-122.3326688,https://www.google.com/maps/search/?api=1&query=Taylor+Shellfish+Oyster+Bar&query_place_id=ChIJeVfux6RqkFQRonJ08yZNc4I,2026-02-08T20:09:01.214163+00:00
Restaurants,199,Brothers Restaurant,8.386666666666667,"San Francisco, CA",United States,Korean; Barbecue,37.7813076,'-122.4637594,https://www.google.com/maps/search/?api=1&query=Brothers+Restaurant&query_place_id=ChIJuVgntT6HhYARv2VnL-7xGdM,2025-12-14T19:54:54.741401+00:00
Restaurants,200,Hook Fish Co,8.378518518518518,"San Francisco, CA",United States,Seafood; Tacos; Poke,37.762408,'-122.506871,https://www.google.com/maps/search/?api=1&query=Hook+Fish+Co&query_place_id=ChIJG1iGoY-HhYAR-XNMTpeTJ4I,2026-03-30T01:34:17.963023+00:00
Restaurants,201,Sforno Pizzeria Napoletana,8.37037037037037,"San Francisco, CA",United States,Pizza,37.7769588,'-122.424522,https://www.google.com/maps/search/?api=1&query=Sforno+Pizzeria+Napoletana&query_place_id=ChIJ7yR2WH2BhYAR38peOxAXETE,2026-08-21T23:45:03.139876+00:00
Restaurants,202,Papa Mak's Burgers,8.362222222222222,"San Francisco, CA",United States,Burgers,37.75282339999999,'-122.5041165,https://www.google.com/maps/search/?api=1&query=Papa+Mak%27s+Burgers&query_place_id=ChIJt4KbiIWHhYARQPRRqJxeHs0,2025-12-21T22:03:06.290961+00:00
Restaurants,203,Wing Lee BBQ,8.354074074074074,"San Francisco, CA",United States,Barbecue,37.7828073,'-122.4646305,https://www.google.com/maps/search/?api=1&query=Wing+Lee+BBQ&query_place_id=ChIJD8SYETyHhYARgD9Z30t2EKI,2026-08-02T21:45:12.410735+00:00
Coffee & tea,29,Saint Frank Coffee,8.35,"Menlo Park, CA",United States,Coffee Shop,37.4547178,'-122.1815384,https://www.google.com/maps/search/?api=1&query=Saint+Frank+Coffee&query_place_id=ChIJZ0SkJ3Slj4AR_iaT_Q_Da5A,2025-09-07T19:15:22.024842+00:00
Restaurants,204,Al Carajo,8.345925925925926,"San Francisco, CA",United States,Mexican; Breakfast,37.7555092,'-122.4194007,https://www.google.com/maps/search/?api=1&query=Al+Carajo&query_place_id=ChIJgxHvsnR_j4ARtr5BoTIWlVc,2026-04-26T18:24:45.071907+00:00
Restaurants,205,Mashita Galbi Jjim,8.337777777777777,"San Francisco, CA",United States,Korean,37.7963052,'-122.4220672,https://www.google.com/maps/search/?api=1&query=Mashita+Galbi+Jjim&query_place_id=ChIJVe5DwzWBhYARgJKHJfo7uhs,2025-10-30T18:32:09.849412+00:00
Restaurants,206,Kothai Republic,8.329629629629629,"San Francisco, CA",United States,Thai; Korean,37.7623275,'-122.4660439,https://www.google.com/maps/search/?api=1&query=Kothai+Republic&query_place_id=ChIJBXYmaSKHhYAR2D4hlotI7TA,2025-09-07T19:10:30.341047+00:00
Restaurants,207,Boulevard Restaurant,8.32148148148148,"San Francisco, CA",United States,Californian; Contemporary,37.79326969999999,'-122.3928679,https://www.google.com/maps/search/?api=1&query=Boulevard+Restaurant&query_place_id=ChIJF-zbSmSAhYARvOafjdCRszQ,2026-06-19T15:37:21.341963+00:00
Restaurants,208,Phở Trần Vũ,8.313333333333333,"Mountain View, CA",United States,Pho; Vietnamese; Banh Mi,37.4198121,'-122.0961097,https://www.google.com/maps/search/?api=1&query=Ph%E1%BB%9F+Tr%E1%BA%A7n+V%C5%A9&query_place_id=ChIJq6rqkw-6j4ARztwprDXfxDc,2025-06-14T01:58:41.581547+00:00
Restaurants,209,Taqueria El Grullense M&G,8.305185185185184,"Palo Alto, CA",United States,Mexican,37.4182304,'-122.1331851,https://www.google.com/maps/search/?api=1&query=Taqueria+El+Grullense+M%26G&query_place_id=ChIJ7f7sE4u6j4ARzIuv160J9jU,2024-07-17T01:22:15.547297+00:00
Restaurants,210,Urfa Tadim Kebap,8.297037037037038,Cologne,Germany,,50.96067069999999,6.954666899999999,https://www.google.com/maps/search/?api=1&query=Urfa+Tadim+Kebap&query_place_id=ChIJjYpTlJwlv0cRcUG6hNwzaVg,2023-06-11T04:56:11.137069+00:00
Dessert,17,Rocko's Ice Cream Tacos,8.296774193548387,"Santa Clara, CA",United States,Ice Cream; Dessert,37.3455809,'-121.9376005,https://www.google.com/maps/search/?api=1&query=Rocko%27s+Ice+Cream+Tacos&query_place_id=ChIJVVURQajLj4ARmkHLBpE-KP4,2024-12-23T03:30:46.176951+00:00
Coffee & tea,30,SPRO - Mission Dolores/Castro,8.291071428571428,"San Francisco, CA",United States,Coffee Shop,37.7627973,'-122.4286748,https://www.google.com/maps/search/?api=1&query=SPRO+-+Mission+Dolores%2FCastro&query_place_id=ChIJvR5zZmN_j4ARd-7JYimDPY8,2026-04-26T22:52:22.481218+00:00
Restaurants,211,Blue Sky Café,8.28888888888889,"Belmont, CA",United States,Chinese; Cantonese,37.5144128,'-122.2682688,https://www.google.com/maps/search/?api=1&query=Blue+Sky+Caf%C3%A9&query_place_id=ChIJGwmmr1Wfj4ARUMI84D0T7jA,2025-09-26T05:01:28.002470+00:00
Restaurants,212,Noodlehead,8.280740740740741,"Pittsburgh, PA",United States,Thai; Noodles,40.4578006,'-79.9252669,https://www.google.com/maps/search/?api=1&query=Noodlehead&query_place_id=ChIJWQh7rAzyNIgR2SmJQjW3nAs,2023-12-24T03:24:31.008881+00:00
Restaurants,213,"Fresh Off the Grid, Kohala.",8.272592592592593,"Kapaau, HI",United States,Hawaiian,20.2124382,'-155.7422654,https://www.google.com/maps/search/?api=1&query=Fresh+Off+the+Grid%2C+Kohala.&query_place_id=ChIJVQa9mpl7U3kR7nylsXIZcgU,2026-07-19T06:20:17.802428+00:00
Bars,12,Swing Bar,8.271428571428572,Naxos,Greece,Bar; Cocktail Bar,37.103977,25.3755172,https://www.google.com/maps/search/?api=1&query=Swing+Bar&query_place_id=ChIJiRNV09ULmBQRvGsODlwr1Ww,2024-08-17T08:17:05.216776+00:00
Bars,13,Vammos Beach Bar Naxos,8.271428571428572,Naxos,Greece,Bar; Cocktail Bar; Coffee,37.0998581,25.3748473,https://www.google.com/maps/search/?api=1&query=Vammos+Beach+Bar+Naxos&query_place_id=ChIJh0XTFQALmBQRrvS0zn77igo,2024-08-18T09:55:02.096047+00:00
Restaurants,214,Good Luck Dim Sum,8.264444444444445,"San Francisco, CA",United States,Cantonese; Dim Sum,37.7829939,'-122.4672055,https://www.google.com/maps/search/?api=1&query=Good+Luck+Dim+Sum&query_place_id=ChIJXWARsD2HhYARpfJUcT_imWw,2026-08-02T21:17:27.362452+00:00
Bakeries,11,Satura Cakes,8.263157894736842,"Los Altos, CA",United States,Dessert; Bakery,37.3788948,'-122.1158752,https://www.google.com/maps/search/?api=1&query=Satura+Cakes&query_place_id=ChIJG0vCs--wj4AR-NyALH6gIW8,2026-06-12T02:49:33.951336+00:00
Restaurants,215,Angelicas,8.256296296296297,"Redwood City, CA",United States,Latin American; Californian,37.4854458,'-122.2259079,https://www.google.com/maps/search/?api=1&query=Angelicas&query_place_id=ChIJK_dRm6yjj4ARVkvgwklFI6w,2024-01-06T06:35:52.219354+00:00
Restaurants,216,Peperoncino,8.248148148148148,St. Julian's,Malta,Italian,35.9156928,14.4929165,https://www.google.com/maps/search/?api=1&query=Peperoncino&query_place_id=ChIJXcmD_EBFDhMRUU2HI-papCM,2023-06-11T00:08:03.851663+00:00
Restaurants,217,Florentine Cafe,8.24,"Boston, MA",United States,Italian,42.3643155,'-71.05379099999999,https://www.google.com/maps/search/?api=1&query=Florentine+Cafe&query_place_id=ChIJ23VgEYlw44kRRfxlF-5RS60,2025-08-24T16:21:05.281992+00:00
Coffee & tea,31,Cafe Angolo,8.232142857142858,"San Francisco, CA",United States,Cafe; Breakfast,37.7995955,'-122.40939,https://www.google.com/maps/search/?api=1&query=Cafe+Angolo&query_place_id=ChIJXwWcTQSBhYARWTFH-P20ENc,2026-01-25T21:22:53.003211+00:00
Restaurants,218,A Good Morning,8.231851851851852,"Los Altos, CA",United States,American; Breakfast; Brunch,37.4013157,'-122.1146925,https://www.google.com/maps/search/?api=1&query=A+Good+Morning&query_place_id=ChIJc5kBeZuwj4ARbr1oPiyATE0,2025-01-27T17:41:37.660265+00:00
Restaurants,219,Zareen's Palo Alto,8.223703703703704,"Palo Alto, CA",United States,Pakistani; Indian,37.42674570000001,'-122.1440822,https://www.google.com/maps/search/?api=1&query=Zareen%27s+Palo+Alto&query_place_id=ChIJcx9Pl-W6j4ARcUXBVpDCqUE,2026-09-19T20:24:32.364353+00:00
Restaurants,220,Causwells,8.215555555555556,"San Francisco, CA",United States,American; Burgers,37.8003429,'-122.4420181,https://www.google.com/maps/search/?api=1&query=Causwells&query_place_id=ChIJ78j3OdSAhYAR_nZU8ILRNUU,2026-05-18T00:08:42.287695+00:00
Restaurants,221,Pineapples Island Fresh Cuisine,8.207407407407407,"Hilo, HI",United States,American; Hawaiian,19.7227609,'-155.0861269,https://www.google.com/maps/search/?api=1&query=Pineapples+Island+Fresh+Cuisine&query_place_id=ChIJpUvunVdLUnkRhKWY18EFQcs,2026-07-13T23:35:59.549827+00:00
Restaurants,222,FETCH BAR & GRILL,8.199259259259259,"Warwick, NY",United States,American; Burgers,41.2573222,'-74.3590713,https://www.google.com/maps/search/?api=1&query=FETCH+BAR+%26+GRILL&query_place_id=ChIJLRXYcIokw4kRbOTjsxCNGNo,2025-03-07T03:09:34.150518+00:00
Restaurants,223,Alice's Restaurant,8.19111111111111,"Woodside, CA",United States,Burgers; Sandwiches,37.38668740000001,'-122.265392,https://www.google.com/maps/search/?api=1&query=Alice%27s+Restaurant&query_place_id=ChIJuYs0k9ilj4ARK7tI5yNkZ3g,2024-01-03T02:13:33.476735+00:00
Dessert,18,Tokyo Cream,8.190322580645162,"San Francisco, CA",United States,Dessert; Ice Cream; Matcha,37.7637585,'-122.4778566,https://www.google.com/maps/search/?api=1&query=Tokyo+Cream&query_place_id=ChIJdd8Vw3GHhYARYr3MRjbzZ5s,2026-08-05T02:13:23.849292+00:00
Restaurants,224,Waffle House,8.182962962962963,Naxos,Greece,Dessert; Ice Cream,37.1046695,25.3757106,https://www.google.com/maps/search/?api=1&query=Waffle+House&query_place_id=ChIJJXRVf9YLmBQRwKgzVuhlP20,2024-08-18T09:16:51.110358+00:00
Restaurants,225,Café-Restaurant Um Dierfgen,8.174814814814814,Luxembourg,Luxembourg,Central European; European,49.61214529999999,6.1316291,https://www.google.com/maps/search/?api=1&query=Caf%C3%A9-Restaurant+Um+Dierfgen&query_place_id=ChIJRbJf6CxPlUcRF8N1gBYQ8L8,2023-06-11T04:57:07.218224+00:00
Coffee & tea,32,Ume Tea,8.173214285714286,"San Jose, CA",United States,Bubble Tea; Tea,37.2614031,'-121.8754593,https://www.google.com/maps/search/?api=1&query=Ume+Tea&query_place_id=ChIJa8QR1q4zjoARwOIt7laAxQ0,2024-08-23T15:30:21.485868+00:00
Restaurants,226,Asmalı Cavit,8.166666666666666,İstanbul,Türkiye,Turkish,41.0302059,28.9746102,https://www.google.com/maps/search/?api=1&query=Asmal%C4%B1+Cavit&query_place_id=ChIJ7yKreY65yhQRzHPvzue7Na0,2023-06-10T05:47:22.832948+00:00
Restaurants,227,Menza Étterem és Kávéház,8.15851851851852,Budapest,Hungary,Hungarian,47.5039639,19.0628165,https://www.google.com/maps/search/?api=1&query=Menza+%C3%89tterem+%C3%A9s+K%C3%A1v%C3%A9h%C3%A1z&query_place_id=ChIJ1dRim27cQUcR_kCX7BuqHTY,2024-07-08T22:52:56.941865+00:00
Restaurants,228,Lou Malnati's Pizzeria,8.150370370370371,"Chicago, IL",United States,Pizza; Midwestern,41.8903514,'-87.6337231,https://www.google.com/maps/search/?api=1&query=Lou+Malnati%27s+Pizzeria&query_place_id=ChIJNUoDqLYsDogRG8jygr_J23U,2024-04-17T20:53:18.565368+00:00
Restaurants,229,Jintian Restaurant,8.142222222222223,Fuzhou,China,Chinese,26.1001799,119.2910435,https://www.google.com/maps/search/?api=1&query=Jintian+Restaurant&query_place_id=ChIJUSpsvTJRQDQR6G6OSCJIpcM,2024-05-16T08:30:59.299393+00:00
Restaurants,230,Antakya Mutfağı,8.134074074074075,İstanbul,Türkiye,Turkish,41.0350924,28.98275070000001,https://www.google.com/maps/search/?api=1&query=Antakya+Mutfa%C4%9F%C4%B1&query_place_id=ChIJm_STCGS3yhQRix2nk9AuUSA,2023-06-10T05:54:32.343573+00:00
Restaurants,231,Tandem Ragù - Via Paladino,8.125925925925927,Naples,Italy,Italian,40.8482357,14.2562916,https://www.google.com/maps/search/?api=1&query=Tandem+Rag%C3%B9+-+Via+Paladino&query_place_id=ChIJKeOz_UMIOxMRziks1vDh8M4,2023-06-11T00:10:01.494072+00:00
Restaurants,232,Sushi Tanaka,8.117777777777778,Sapporo,Japan,Sushi; Omakase,43.05372979999999,141.3584413,https://www.google.com/maps/search/?api=1&query=Sushi+Tanaka&query_place_id=ChIJe-4P14YpC18R1JF_6PoKwAA,2025-01-15T01:56:27.224670+00:00
Coffee & tea,33,Pink Pink Tea Shoppe,8.114285714285714,"Santa Clara, CA",United States,Bubble Tea,37.325255,'-121.9455334,https://www.google.com/maps/search/?api=1&query=Pink+Pink+Tea+Shoppe&query_place_id=ChIJbVtfdGzLj4AR9gX3z26Mn6E,2024-05-16T08:13:03.769678+00:00
Restaurants,233,Pyra Bar,8.10962962962963,Gdańsk,Poland,Polish,54.3489044,18.64799229999999,https://www.google.com/maps/search/?api=1&query=Pyra+Bar&query_place_id=ChIJb9SR_Z5z_UYR7vjt-eEmXaA,2023-06-11T04:36:22.906831+00:00
Restaurants,234,Breakwater Barbecue,8.101481481481482,"El Granada, CA",United States,Barbecue,37.5056474,'-122.481121,https://www.google.com/maps/search/?api=1&query=Breakwater+Barbecue&query_place_id=ChIJoS87qR9zj4ARXQwu2hD9BCQ,2024-06-16T21:58:26.428340+00:00
Restaurants,235,Al Faisal Grills und Restaurant,8.093333333333334,Berlin,Germany,Syrian; Middle Eastern; Shawarma,52.4874099,13.4271533,https://www.google.com/maps/search/?api=1&query=Al+Faisal+Grills+und+Restaurant&query_place_id=ChIJ18hKRopPqEcRAeJkKYNhdZ0,2023-06-11T04:48:10.546729+00:00
Bakeries,12,Swanton Pacific Ranch U-Pick Apples,8.089473684210526,"Davenport, CA",United States,Bakery,37.0794401,'-122.2465236,https://www.google.com/maps/search/?api=1&query=Swanton+Pacific+Ranch+U-Pick+Apples&query_place_id=ChIJQ6v15cBQjoARg1o3I10bfcc,2024-06-17T04:00:12.404120+00:00
Restaurants,236,Kuchnia u Doroty,8.085185185185185,Kraków,Poland,Polish,50.0506239,19.9412378,https://www.google.com/maps/search/?api=1&query=Kuchnia+u+Doroty&query_place_id=ChIJYSkA2mtbFkcRxV9nRzxep2c,2023-06-11T00:16:12.295793+00:00
Dessert,19,Kiss of Matcha,8.083870967741936,"San Francisco, CA",United States,Ice Cream; Tea; Matcha,37.78293479999999,'-122.4674571,https://www.google.com/maps/search/?api=1&query=Kiss+of+Matcha&query_place_id=ChIJX57b5vWHhYARRNKgLz2GwFc,2025-09-07T19:12:38.753840+00:00
Restaurants,237,Pakwan Restaurant,8.077037037037037,"San Francisco, CA",United States,Indian; Pakistani,37.7649917,'-122.4236361,https://www.google.com/maps/search/?api=1&query=Pakwan+Restaurant&query_place_id=ChIJ63FMcyJ-j4ARToCkwO_-_LU,2023-07-16T17:45:38.625386+00:00
Restaurants,238,Diwali Indian Cuisine,8.068888888888889,"San Francisco, CA",United States,Indian; North Indian; South Indian,37.7490388,'-122.4201442,https://www.google.com/maps/search/?api=1&query=Diwali+Indian+Cuisine&query_place_id=ChIJvfU3rUt_j4ARsfgMLoRcZ6s,2025-10-13T06:37:30.982447+00:00
Restaurants,239,RT Rotisserie,8.06074074074074,"San Francisco, CA",United States,American; Salad; Chicken,37.7750997,'-122.4210907,https://www.google.com/maps/search/?api=1&query=RT+Rotisserie&query_place_id=ChIJk8dm4J6AhYAR8MCM6inxTgE,2026-03-30T01:54:15.293858+00:00
Coffee & tea,34,Plentea,8.055357142857144,"San Francisco, CA",United States,Bubble Tea,37.7913914,'-122.404346,https://www.google.com/maps/search/?api=1&query=Plentea&query_place_id=ChIJwepe04uAhYARnU2zWIw7TzM,2026-05-17T20:22:19.134198+00:00
Restaurants,240,"Restaurant ""Zum Blockhaus"" in Hennigsdorf",8.052592592592593,Hennigsdorf,Germany,,52.60481379999999,13.1975501,https://www.google.com/maps/search/?api=1&query=Restaurant+%22Zum+Blockhaus%22+in+Hennigsdorf&query_place_id=ChIJAbN6233_qEcRzNLca8DWGac,2023-06-11T04:43:44.290420+00:00
Restaurants,241,Il Cuoppo,8.044444444444444,Naples,Italy,,40.8492543,14.2576163,https://www.google.com/maps/search/?api=1&query=Il+Cuoppo&query_place_id=ChIJqVxdd0EIOxMRvrR0H97pOus,2023-06-10T06:10:54.523373+00:00
Restaurants,242,Lella al Mare,8.036296296296296,Rimini,Italy,Italian; Mediterranean,44.0675432,12.5813993,https://www.google.com/maps/search/?api=1&query=Lella+al+Mare&query_place_id=ChIJkb_9KnHDLBMR2PE957kszPQ,2023-06-10T06:12:49.316966+00:00
Restaurants,243,Gyu-Kaku Japanese BBQ,8.028148148148148,"Cupertino, CA",United States,Barbecue; Japanese,37.32246749999999,'-122.0168288,https://www.google.com/maps/search/?api=1&query=Gyu-Kaku+Japanese+BBQ&query_place_id=ChIJVUQltaG1j4AR1P4csSC5AbQ,2023-06-11T00:21:39.094330+00:00
Restaurants,244,Trattoria Nonna Gigia,8.02,Bologna,Italy,Italian,44.49861140000001,11.3426179,https://www.google.com/maps/search/?api=1&query=Trattoria+Nonna+Gigia&query_place_id=ChIJwTMLppfUf0cRjaAQaVneAj4,2023-12-17T21:10:41.289949+00:00
Restaurants,245,bosque,8.011851851851851,"San Francisco, CA",United States,American; Wine Bar,37.7762608,'-122.4265294,https://www.google.com/maps/search/?api=1&query=bosque&query_place_id=ChIJGQkG3s-BhYARnjQIpMvPJLg,2026-06-12T02:49:58.795135+00:00
Restaurants,246,The Tailor's Son,8.003703703703703,"San Francisco, CA",United States,Italian,37.7886107,'-122.4340502,https://www.google.com/maps/search/?api=1&query=The+Tailor%27s+Son&query_place_id=ChIJywavgtqBhYARA9MeXMJWREA,2026-02-08T20:07:22.038500+00:00
Coffee & tea,35,Sunright Tea Studio - Sunnyvale,7.996428571428572,"Sunnyvale, CA",United States,Bubble Tea,37.3566016,'-122.0172865,https://www.google.com/maps/search/?api=1&query=Sunright+Tea+Studio+-+Sunnyvale&query_place_id=ChIJt6567V21j4ARtfy-hZfx27U,2024-07-23T21:00:57.735032+00:00
Restaurants,247,Burma Love,7.995555555555556,"Menlo Park, CA",United States,Burmese,37.4554175,'-122.1862363,https://www.google.com/maps/search/?api=1&query=Burma+Love&query_place_id=ChIJe1sdKlKlj4ARrLC-zqz7wHo,2024-07-09T04:09:55.820511+00:00
Restaurants,248,Cato's Tacos Food Truck,7.9874074074074075,"Sunnyvale, CA",United States,Taqueria; Food Truck; Mexican,37.375079,'-122.058357,https://www.google.com/maps/search/?api=1&query=Cato%27s+Tacos+Food+Truck&query_place_id=ChIJFxOkwOi2j4ARRVbfhH67NZc,2024-07-22T16:33:37.383098+00:00
Restaurants,249,DiAnoia's Eatery,7.979259259259259,"Pittsburgh, PA",United States,Italian,40.4549226,'-79.97877729999999,https://www.google.com/maps/search/?api=1&query=DiAnoia%27s+Eatery&query_place_id=ChIJR-ud98TzNIgREwnaG2ksz6k,2025-04-08T06:20:46.614825+00:00
Dessert,20,Kiss of Matcha,7.97741935483871,"San Francisco, CA",United States,Japanese; Matcha,37.797946,'-122.407346,https://www.google.com/maps/search/?api=1&query=Kiss+of+Matcha&query_place_id=ChIJ4eE7VwCBhYARVjFULZ2kbTU,2025-09-07T19:12:48.548552+00:00
Restaurants,250,Hofbräuhaus Pittsburgh,7.971111111111111,"Pittsburgh, PA",United States,Beer; German,40.4288248,'-79.9647919,https://www.google.com/maps/search/?api=1&query=Hofbr%C3%A4uhaus+Pittsburgh&query_place_id=ChIJEfe6zHfxNIgRGR0MD0pIGHU,2023-10-02T00:00:37.480301+00:00
Restaurants,251,Curry 61,7.962962962962964,Berlin,Germany,German,52.523725,13.4007139,https://www.google.com/maps/search/?api=1&query=Curry+61&query_place_id=ChIJB0S0zeBRqEcRXTjAinACZnU,2023-06-11T04:41:39.107386+00:00
Bars,14,KAIYO ROOFTOP,7.957142857142857,"San Francisco, CA",United States,Cocktail Bar; Peruvian; Tapas,37.7788559,'-122.3924135,https://www.google.com/maps/search/?api=1&query=KAIYO+ROOFTOP&query_place_id=ChIJAS1jCN5_j4AR_KeMCaeunWw,2026-08-22T02:56:53.706172+00:00
Restaurants,252,Bab Al-Yemen Restaurant مطعم باب اليمن,7.954814814814815,"Boston, MA",United States,Middle Eastern; Arabic; Yemeni,42.3485574,'-71.0934869,https://www.google.com/maps/search/?api=1&query=Bab+Al-Yemen+Restaurant+%D9%85%D8%B7%D8%B9%D9%85+%D8%A8%D8%A7%D8%A8+%D8%A7%D9%84%D9%8A%D9%85%D9%86&query_place_id=ChIJWz0jd5x744kRr6oY9eXNGTM,2024-04-07T17:26:01.819598+00:00
Restaurants,253,URKO,7.946666666666667,Quito,Ecuador,Ecuadorian,'-0.2094385,'-78.4827171,https://www.google.com/maps/search/?api=1&query=URKO&query_place_id=ChIJ0UyCCg6a1ZERfPsyjQPUeoY,2023-09-02T19:16:53.106766+00:00
Restaurants,254,Pierogarnia Mandu Gdańsk Śródmieście,7.938518518518519,Gdańsk,Poland,Dumplings; Polish,54.35375730000001,18.6467672,https://www.google.com/maps/search/?api=1&query=Pierogarnia+Mandu+Gda%C5%84sk+%C5%9Ar%C3%B3dmie%C5%9Bcie&query_place_id=ChIJhxejdXZz_UYR0HOnu0Z47iY,2023-06-11T04:40:59.932597+00:00
Coffee & tea,36,Boba Guys Palo Alto,7.9375,"Palo Alto, CA",United States,Bubble Tea; Tea,37.43860069999999,'-122.1589247,https://www.google.com/maps/search/?api=1&query=Boba+Guys+Palo+Alto&query_place_id=ChIJhzShYRm7j4ARyo6f_lkCiGc,2024-05-17T23:37:12.199119+00:00
Restaurants,255,Ristorante La Medusa,7.930370370370371,Procida,Italy,Italian,40.76555749999999,14.0268774,https://www.google.com/maps/search/?api=1&query=Ristorante+La+Medusa&query_place_id=ChIJnfzUlmsTOxMRvx2lFYoSpWM,2023-06-10T06:08:38.224545+00:00
Restaurants,256,Bevri - Palo Alto,7.9222222222222225,"Palo Alto, CA",United States,Georgian,37.4454371,'-122.1611139,https://www.google.com/maps/search/?api=1&query=Bevri+-+Palo+Alto&query_place_id=ChIJi9iYmjm7j4AR904-JYOQQN4,2026-02-01T17:43:04.106514+00:00
Bakeries,13,LOQUAT,7.91578947368421,"San Francisco, CA",United States,Bakery; Cafe; Dessert,37.774934,'-122.4223874,https://www.google.com/maps/search/?api=1&query=LOQUAT&query_place_id=ChIJ81fzsc-BhYARdZtCXcbJ-7E,2026-09-07T00:51:06.981493+00:00
Restaurants,257,Palette Tea Garden & Dim Sum 彩苑,7.914074074074074,"San Mateo, CA",United States,Dim Sum; Chinese; Cantonese,37.5383289,'-122.3022536,https://www.google.com/maps/search/?api=1&query=Palette+Tea+Garden+%26+Dim+Sum+%E5%BD%A9%E8%8B%91&query_place_id=ChIJaftroqafj4ARP2AjcD1UhoQ,2023-06-10T06:01:09.541830+00:00
Restaurants,258,Ping’s,7.905925925925926,"New York, NY",United States,Cantonese; Dim Sum,40.714422,'-73.99858400000001,https://www.google.com/maps/search/?api=1&query=Ping%E2%80%99s&query_place_id=ChIJA6Cf7iZawokRhqozCeR3RmI,2025-01-27T17:51:31.058189+00:00
Restaurants,259,Rosewood Asian Cuisine,7.897777777777778,"Toronto, ON",Canada,Dim Sum; Chinese,43.6530667,'-79.3966354,https://www.google.com/maps/search/?api=1&query=Rosewood+Asian+Cuisine&query_place_id=ChIJS8GUfMQ0K4gRzHwQXwGnKKc,2024-02-20T11:34:31.671132+00:00
Restaurants,260,Henry's World Famous Hi-Life,7.8896296296296295,"San Jose, CA",United States,Steakhouse,37.3353822,'-121.8981047,https://www.google.com/maps/search/?api=1&query=Henry%27s+World+Famous+Hi-Life&query_place_id=ChIJkXmJt6HMj4AR_CU3a1r9eYg,2024-01-10T22:24:21.136616+00:00
Restaurants,261,Wagon Wheel Barbecue,7.881481481481481,"Mountain View, CA",United States,Barbecue; Southern,37.4059281,'-122.0651326,https://www.google.com/maps/search/?api=1&query=Wagon+Wheel+Barbecue&query_place_id=ChIJtXbDmo63j4ARIXa0HZIzius,2024-06-08T19:07:33.505976+00:00
Coffee & tea,37,Blue Bottle Coffee,7.878571428571428,"Cambridge, MA",United States,Coffee Shop,42.36330409999999,'-71.087593,https://www.google.com/maps/search/?api=1&query=Blue+Bottle+Coffee&query_place_id=ChIJfwrKnKVx44kR5NHfZSpn91I,2024-04-07T17:24:50.939130+00:00
Restaurants,262,Limón,7.873333333333333,"Mountain View, CA",United States,Peruvian,37.3916112,'-122.0806819,https://www.google.com/maps/search/?api=1&query=Lim%C3%B3n&query_place_id=ChIJUQD2pjW3j4ARJbYJ0xp0ycM,2024-07-09T20:48:51.247216+00:00
Dessert,21,SOMISOMI,7.870967741935484,"Cupertino, CA",United States,Asian; Dessert; Ice Cream,37.3246923,'-122.0105416,https://www.google.com/maps/search/?api=1&query=SOMISOMI&query_place_id=ChIJYbHgcwW1j4ARnPizUmRuEq8,2024-06-29T17:21:24.487644+00:00
Restaurants,263,川湘小馆Hunan Szechuan Cuisine,7.865185185185185,"Mountain View, CA",United States,Chinese; Sichuan; Hunan,37.3770484,'-122.0766669,https://www.google.com/maps/search/?api=1&query=%E5%B7%9D%E6%B9%98%E5%B0%8F%E9%A6%86Hunan+Szechuan+Cuisine&query_place_id=ChIJK8pvbKO3j4ARsm7k_GXRY8U,2025-10-06T02:45:50.088546+00:00
Restaurants,264,Mifen101 花溪王,7.857037037037037,"Mountain View, CA",United States,Chinese,37.3938904,'-122.079508,https://www.google.com/maps/search/?api=1&query=Mifen101+%E8%8A%B1%E6%BA%AA%E7%8E%8B&query_place_id=ChIJu3a5ugK3j4AR6uq-nikkeUo,2024-06-20T02:53:18.271072+00:00
Restaurants,265,Ping's Bistro Cupertino,7.848888888888888,"Cupertino, CA",United States,Chinese,37.313106,'-122.0319021,https://www.google.com/maps/search/?api=1&query=Ping%27s+Bistro+Cupertino&query_place_id=ChIJg42-9rm1j4ARwBn9d3bdDYA,2024-06-24T05:46:13.543602+00:00
Restaurants,266,Porridge & Things,7.840740740740741,"Millbrae, CA",United States,Chinese,37.6001028,'-122.3911965,https://www.google.com/maps/search/?api=1&query=Porridge+%26+Things&query_place_id=ChIJr-lSxa13j4AR1y499hE-hXE,2025-06-16T21:07:34.425923+00:00
Restaurants,267,留湘小聚店 Ping's Bistro Warm Springs,7.832592592592593,"Fremont, CA",United States,Chinese,37.496743,'-121.9359852,https://www.google.com/maps/search/?api=1&query=%E7%95%99%E6%B9%98%E5%B0%8F%E8%81%9A%E5%BA%97+Ping%27s+Bistro+Warm+Springs&query_place_id=ChIJWd-3X_vHj4AR0jnzkNsb6cc,2024-07-05T18:58:17.509558+00:00
Restaurants,268,Mokutanya,7.8244444444444445,"Burlingame, CA",United States,Japanese,37.5869891,'-122.3631169,https://www.google.com/maps/search/?api=1&query=Mokutanya&query_place_id=ChIJP8ZRyCV2j4ARfqQbhMi2gHE,2024-07-08T21:49:05.565591+00:00
Coffee & tea,38,Chun Shui Tang Taipei Station Branch,7.819642857142857,Taipei City,Taiwan,Taiwanese; Bubble Tea,25.0463126,121.51516,https://www.google.com/maps/search/?api=1&query=Chun+Shui+Tang+Taipei+Station+Branch&query_place_id=ChIJJ7hGtPweaDQRGrqSntLG2vo,2025-01-08T02:29:35.156675+00:00
Restaurants,269,Hinodeya Ramen Chestnut,7.816296296296296,"San Francisco, CA",United States,Japanese; Ramen,37.80024119999999,'-122.4375457,https://www.google.com/maps/search/?api=1&query=Hinodeya+Ramen+Chestnut&query_place_id=ChIJcZgU1T6BhYARArFcvOxJORc,2026-09-07T20:37:42.791637+00:00
Restaurants,270,Yakitori Edomasa,7.808148148148148,"San Francisco, CA",United States,Japanese; Chicken; Yakitori,37.7851509,'-122.4320399,https://www.google.com/maps/search/?api=1&query=Yakitori+Edomasa&query_place_id=ChIJ6ZGgX2GBhYARZdnN55qJA7w,2026-08-23T20:00:27.950735+00:00
Restaurants,271,Udon Mugizo,7.800000000000001,"San Francisco, CA",United States,Udon; Japanese,37.7849587,'-122.4321287,https://www.google.com/maps/search/?api=1&query=Udon+Mugizo&query_place_id=ChIJNx4Y_LiAhYARFI7FDc60IAc,2026-06-06T04:24:20.266817+00:00
Bars,15,Balboa Cafe,7.800000000000001,"San Francisco, CA",United States,American; Bar,37.7988162,'-122.4361023,https://www.google.com/maps/search/?api=1&query=Balboa+Cafe&query_place_id=ChIJYXn3mdCAhYAR97Hkb3wD660,2026-05-16T08:11:19.208233+00:00
Restaurants,272,Nojo Ramen Tavern,7.7918518518518525,"San Francisco, CA",United States,Ramen; Japanese,37.7767268,'-122.4214764,https://www.google.com/maps/search/?api=1&query=Nojo+Ramen+Tavern&query_place_id=ChIJQ9mJ1ZiAhYARQmPYLOs-h-g,2025-09-20T20:30:57.027194+00:00
Restaurants,273,Domo,7.783703703703704,"San Francisco, CA",United States,Japanese; Sushi,37.7758872,'-122.4263037,https://www.google.com/maps/search/?api=1&query=Domo&query_place_id=ChIJZ7tASKKAhYAR3dDpAxKEg-8,2026-02-28T21:02:53.799786+00:00
Restaurants,274,Ai Ki Ya Japanese Restaurant,7.775555555555556,"New York, NY",United States,Izakaya; Japanese; Ramen,40.7488071,'-73.9869958,https://www.google.com/maps/search/?api=1&query=Ai+Ki+Ya+Japanese+Restaurant&query_place_id=ChIJl9eh9YtZwokRVPvc9cknpNY,2025-01-27T17:44:43.664488+00:00
Restaurants,275,BANSANG,7.767407407407408,"San Francisco, CA",United States,Asian Fusion; Korean; Tapas,37.78409670000001,'-122.4326346,https://www.google.com/maps/search/?api=1&query=BANSANG&query_place_id=ChIJ354nKUKBhYARoBM0TlVYt5E,2026-08-21T08:03:19.603212+00:00
Dessert,22,Salt & Straw,7.764516129032258,"San Francisco, CA",United States,Dessert; Ice Cream,37.776618,'-122.4260455,https://www.google.com/maps/search/?api=1&query=Salt+%26+Straw&query_place_id=ChIJj3EJW6KAhYARB-Dl9_ArzVM,2025-10-30T18:32:27.284180+00:00
Coffee & tea,39,Little Wolf Coffee,7.760714285714286,"Boston, MA",United States,Cafe,42.352532,'-71.0484675,https://www.google.com/maps/search/?api=1&query=Little+Wolf+Coffee&query_place_id=ChIJEYjOWABx44kRAA852VnJLOY,2025-08-29T16:00:35.421305+00:00
Restaurants,276,Taishoken San Francisco,7.7592592592592595,"San Francisco, CA",United States,Ramen; Japanese; Noodles,37.76224139999999,'-122.4213973,https://www.google.com/maps/search/?api=1&query=Taishoken+San+Francisco&query_place_id=ChIJnYD5q69_j4ARDH9_cuPacdE,2026-05-28T15:31:25.573760+00:00
Restaurants,277,Gioia Pizzeria,7.751111111111111,"San Francisco, CA",United States,Pizza,37.7764094,'-122.4258458,https://www.google.com/maps/search/?api=1&query=Gioia+Pizzeria&query_place_id=ChIJDcqkQ4eBhYARqz7JBnMkmbE,2025-09-27T00:16:24.703887+00:00
Restaurants,278,Cinderella Bakery & Cafe,7.742962962962963,"San Francisco, CA",United States,Bakery; Russian; Cafe,37.777433,'-122.4636615,https://www.google.com/maps/search/?api=1&query=Cinderella+Bakery+%26+Cafe&query_place_id=ChIJG6DZVEeHhYARN90v8rBlRsY,2025-11-10T01:54:15.104848+00:00
Bakeries,14,Punalu'u Bake Shop,7.742105263157894,"Naalehu, HI",United States,Bakery,19.0612549,'-155.5859636,https://www.google.com/maps/search/?api=1&query=Punalu%27u+Bake+Shop&query_place_id=ChIJFQVZil9GUXkRd2wfGFJuhaQ,2026-07-12T01:37:43.056618+00:00
Restaurants,279,Wasabi Bistro,7.734814814814815,"San Francisco, CA",United States,Japanese; Sushi,37.7604175,'-122.4352031,https://www.google.com/maps/search/?api=1&query=Wasabi+Bistro&query_place_id=ChIJATa0Lht-j4ARYhqlmWOC4qY,2024-12-24T16:53:18.000866+00:00
Restaurants,280,Ollei,7.726666666666667,"San Francisco, CA",United States,Korean,37.7963931,'-122.4220845,https://www.google.com/maps/search/?api=1&query=Ollei&query_place_id=ChIJPTHsx6qBhYARz3O7cmhkUoU,2026-08-27T15:10:43.332404+00:00
Restaurants,281,Chick'n Bubbly,7.718518518518518,"Pittsburgh, PA",United States,Bubble Tea; Chicken; Korean,40.4419107,'-79.9572103,https://www.google.com/maps/search/?api=1&query=Chick%27n+Bubbly&query_place_id=ChIJJ60ZlSnyNIgRFu7xM8GVStE,2024-09-19T13:32:38.039446+00:00
Restaurants,282,King Katsu Land,7.71037037037037,"Daly City, CA",United States,Korean,37.65018869999999,'-122.4534486,https://www.google.com/maps/search/?api=1&query=King+Katsu+Land&query_place_id=ChIJ6-RoBwB7j4ARQnB_-6CI2SY,2026-05-25T02:57:15.882118+00:00
Restaurants,283,SOJU Bar,7.702222222222222,Amsterdam,Netherlands,Korean,52.3564673,4.8907568,https://www.google.com/maps/search/?api=1&query=SOJU+Bar&query_place_id=ChIJC-3i8KUJxkcRcSLXwcxcC_Y,2024-08-20T10:38:45.434510+00:00
Coffee & tea,40,Ritual Coffee Roasters,7.701785714285714,"San Francisco, CA",United States,Coffee Shop,37.7763909,'-122.4241939,https://www.google.com/maps/search/?api=1&query=Ritual+Coffee+Roasters&query_place_id=ChIJ70taCKKAhYARDqB5RsSPUJc,2025-09-07T19:13:58.601162+00:00
Restaurants,284,Home Eat 汉家宴,7.6940740740740745,"Cupertino, CA",United States,Chinese,37.32184639999999,'-122.0340007,https://www.google.com/maps/search/?api=1&query=Home+Eat+%E6%B1%89%E5%AE%B6%E5%AE%B4&query_place_id=ChIJn1gLvcK1j4ARQ-cQ0eqQclY,2024-08-23T15:43:57.017374+00:00
Restaurants,285,98K Hamburger,7.685925925925925,"Pittsburgh, PA",United States,Fried Chicken; Taiwanese,40.4382628,'-79.9204194,https://www.google.com/maps/search/?api=1&query=98K+Hamburger&query_place_id=ChIJWzNtxbfzNIgRJXA9L56crus,2024-09-23T01:07:19.987497+00:00
Restaurants,286,Nak Won Garden,7.677777777777778,"Pittsburgh, PA",United States,Korean,40.4564574,'-79.93613549999999,https://www.google.com/maps/search/?api=1&query=Nak+Won+Garden&query_place_id=ChIJfcIfgRTyNIgRlnaFPGmBSX0,2025-04-08T06:17:46.458974+00:00
Restaurants,287,YASIJANG,7.66962962962963,"San Francisco, CA",United States,Korean; Tapas,37.7830748,'-122.4206163,https://www.google.com/maps/search/?api=1&query=YASIJANG&query_place_id=ChIJ52-6U4eBhYARFnKyKbaEdQc,2026-08-09T19:31:51.900869+00:00
Restaurants,288,Taishan Cuisine,7.661481481481482,"San Francisco, CA",United States,Cantonese; Chinese,37.7972963,'-122.4098764,https://www.google.com/maps/search/?api=1&query=Taishan+Cuisine&query_place_id=ChIJCeFn9laBhYAROdjC_OcIkqc,2026-08-27T15:44:08.008736+00:00
Dessert,23,Sulbing,7.658064516129032,"Santa Clara, CA",United States,Korean; Dessert; Cafe,37.3519673,'-121.9818312,https://www.google.com/maps/search/?api=1&query=Sulbing&query_place_id=ChIJr2IF4U3Lj4ARTQLUCE-IRn0,2023-12-24T03:21:19.457849+00:00
Restaurants,289,Mad Mex,7.653333333333333,"Pittsburgh, PA",United States,Californian; Mexican; Tex-Mex,40.458259,'-79.925378,https://www.google.com/maps/search/?api=1&query=Mad+Mex&query_place_id=ChIJ85r6U3PyNIgRShRo4vMObTI,2025-04-18T23:51:59.795770+00:00
Restaurants,290,Amazing Dumplings,7.645185185185186,"Pittsburgh, PA",United States,Dumplings; Chinese,40.4378362,'-79.9196805,https://www.google.com/maps/search/?api=1&query=Amazing+Dumplings&query_place_id=ChIJ1-wrqeLzNIgRdgQMOvkxIuU,2024-09-01T01:34:24.622229+00:00
Coffee & tea,41,Matcha Cafe Maiko,7.642857142857142,"Santa Clara, CA",United States,Japanese; Matcha,37.3260978,'-121.9456089,https://www.google.com/maps/search/?api=1&query=Matcha+Cafe+Maiko&query_place_id=ChIJjdvoAtvLj4ARXgvPy-nhsRM,2025-09-25T21:22:17.962263+00:00
Bars,16,Vin Sur Vingt Wine Bar - Riverside Blvd,7.642857142857142,"New York, NY",United States,Wine Bar,40.7756885,'-73.98985909999999,https://www.google.com/maps/search/?api=1&query=Vin+Sur+Vingt+Wine+Bar+-+Riverside+Blvd&query_place_id=ChIJZX7S-gBZwokRkB7hCr19Elk,2025-03-07T03:28:47.850552+00:00
Restaurants,291,MANABITA,7.637037037037038,Progreso,Ecuador,Ecuadorian,'-0.0529925,'-78.774197,https://www.google.com/maps/search/?api=1&query=MANABITA&query_place_id=ChIJ_5p4-CF91ZERUBpli6j1WkE,2024-07-05T19:02:15.427594+00:00
Restaurants,292,Amazing Basil & A Cup Of (Fremont),7.6288888888888895,"Fremont, CA",United States,Southeast Asian; Asian Fusion,37.4884298,'-121.9295655,https://www.google.com/maps/search/?api=1&query=Amazing+Basil+%26+A+Cup+Of+%28Fremont%29&query_place_id=ChIJ6-HPZ3fHj4ARPtm9AASL2EA,2024-07-08T21:31:43.301368+00:00
Restaurants,293,Feng Hotpot 冯校长老火锅,7.620740740740741,"Sunnyvale, CA",United States,Hot Pot; Chinese,37.3387227,'-122.0425458,https://www.google.com/maps/search/?api=1&query=Feng+Hotpot+%E5%86%AF%E6%A0%A1%E9%95%BF%E8%80%81%E7%81%AB%E9%94%85&query_place_id=ChIJMW2SCAC1j4ARO9L_jMpUth4,2024-08-23T15:29:31.711991+00:00
Restaurants,294,OLHSO Korean BBQ House,7.612592592592593,"San Mateo, CA",United States,Korean,37.5657665,'-122.3231079,https://www.google.com/maps/search/?api=1&query=OLHSO+Korean+BBQ+House&query_place_id=ChIJ8aIuCACfj4ARSHJYREySoio,2025-09-07T19:11:47.931495+00:00
Restaurants,295,Pamela's Diner,7.604444444444445,"Pittsburgh, PA",United States,Diner; Breakfast; Brunch,40.4412741,'-79.9575778,https://www.google.com/maps/search/?api=1&query=Pamela%27s+Diner&query_place_id=ChIJ-1R-5SnyNIgRKb70_DsecYU,2024-08-26T16:05:45.118249+00:00
Restaurants,296,Suppenküche,7.5962962962962965,"San Francisco, CA",United States,German,37.77631340000001,'-122.4264188,https://www.google.com/maps/search/?api=1&query=Suppenk%C3%BCche&query_place_id=ChIJ8fbCTqKAhYAR9Uu7AyP5FyE,2025-10-13T06:39:22.998759+00:00
Restaurants,297,Hamburguesa Bar,7.5962962962962965,"San Francisco, CA",United States,American; Burgers,37.7881836,'-122.4004015,https://www.google.com/maps/search/?api=1&query=Hamburguesa+Bar&query_place_id=ChIJXzmBOwmBhYARah54UWXPuPY,2026-01-25T21:28:20.417465+00:00
Coffee & tea,42,Margaux,7.583928571428572,"Pittsburgh, PA",United States,Breakfast; Brunch; Drinks,40.46164549999999,'-79.9249143,https://www.google.com/maps/search/?api=1&query=Margaux&query_place_id=ChIJ_xbBinPyNIgR5I6bKzW6Xc4,2024-11-05T19:52:39.919293+00:00
Restaurants,298,Halldórskaffi,7.58,Vik,Iceland,Scandinavian; Cafe,63.41759800000001,'-19.0141274,https://www.google.com/maps/search/?api=1&query=Halld%C3%B3rskaffi&query_place_id=ChIJ6xIBSzhK10gRt_7InKzuAj4,2024-10-14T15:33:10.156707+00:00
Restaurants,299,Super Duper Burgers,7.571851851851852,"Los Gatos, CA",United States,Burgers,37.2360464,'-121.9633294,https://www.google.com/maps/search/?api=1&query=Super+Duper+Burgers&query_place_id=ChIJHSVXu8Y1joARa5w4mfXq5Co,2024-08-10T21:49:57.594442+00:00
Bakeries,15,Pigeon Bagels,7.56842105263158,"Pittsburgh, PA",United States,Bagels,40.4328899,'-79.92702,https://www.google.com/maps/search/?api=1&query=Pigeon+Bagels&query_place_id=ChIJ1UtXA63xNIgR-QiZCuSxq9k,2024-05-16T08:18:39.284558+00:00
Restaurants,300,Tacos Los Gemelos,7.563703703703704,"Redwood City, CA",United States,Mexican; Tacos,37.4792451,'-122.2261575,https://www.google.com/maps/search/?api=1&query=Tacos+Los+Gemelos&query_place_id=ChIJyVMKSBqij4AR_mUODO7gCmM,2025-05-31T04:55:15.810346+00:00
Restaurants,301,The Bird,7.555555555555555,"San Francisco, CA",United States,Chicken; Sandwiches,37.7770072,'-122.4232555,https://www.google.com/maps/search/?api=1&query=The+Bird&query_place_id=ChIJt9Lr-PyBhYARLAp8Ie5IuS8,2024-07-27T06:34:49.115674+00:00
Dessert,24,Salt & Straw,7.551612903225807,"Santa Clara, CA",United States,American; Dessert; Ice Cream,37.32419199999999,'-121.9466626,https://www.google.com/maps/search/?api=1&query=Salt+%26+Straw&query_place_id=ChIJ362fZPTLj4ARr5GNx_65zvs,2024-05-16T08:16:33.354186+00:00
Restaurants,302,Shang Cafe Fremont,7.547407407407407,"Fremont, CA",United States,Chinese,37.5001412,'-121.9738431,https://www.google.com/maps/search/?api=1&query=Shang+Cafe+Fremont&query_place_id=ChIJ6w0raGzHj4ARBTtOAZhSZco,2024-07-05T18:56:57.382649+00:00
Restaurants,303,Imperial treasure,7.539259259259259,"Palo Alto, CA",United States,Chinese,37.428383,'-122.1422935,https://www.google.com/maps/search/?api=1&query=Imperial+treasure&query_place_id=ChIJq0UsRXS7j4ARiC9b0hTPMjg,2025-09-15T23:46:01.264225+00:00
Restaurants,304,Taishoken Ramen,7.5311111111111115,"San Mateo, CA",United States,Japanese; Ramen,37.5633138,'-122.3241043,https://www.google.com/maps/search/?api=1&query=Taishoken+Ramen&query_place_id=ChIJmQba6BWfj4ARsGyybmBYOxA,2025-06-04T01:37:12.937104+00:00
Coffee & tea,43,Commonplace Coffee,7.525,"Pittsburgh, PA",United States,Coffee Shop; Cafe,40.4382549,'-79.9219483,https://www.google.com/maps/search/?api=1&query=Commonplace+Coffee&query_place_id=ChIJLQOJMgDyNIgR7G4Ga-wAzg8,2023-12-24T03:24:07.232355+00:00
Restaurants,305,Sifu Wong Kitchen,7.522962962962962,"Sunnyvale, CA",United States,Chinese; Dim Sum,37.3909497,'-121.9921677,https://www.google.com/maps/search/?api=1&query=Sifu+Wong+Kitchen&query_place_id=ChIJ8Qt3_4rJj4AR_I_HWkzFGT0,2023-12-26T07:20:11.824711+00:00
Restaurants,306,HL Peninsula Pearl,7.514814814814815,"Burlingame, CA",United States,Dim Sum; Cantonese,37.5995131,'-122.3665488,https://www.google.com/maps/search/?api=1&query=HL+Peninsula+Pearl&query_place_id=ChIJAW7EffV3j4ARvPVUSqWC3Yg,2023-09-02T19:13:34.447472+00:00
Restaurants,307,REDWHITE BONELESS RAMEN,7.506666666666667,"Boston, MA",United States,Japanese; Ramen; Vegan,42.3488172,'-71.0848163,https://www.google.com/maps/search/?api=1&query=REDWHITE+BONELESS+RAMEN&query_place_id=ChIJ4U-5VPN744kRqplviRvl8V0,2024-04-07T17:23:48.067004+00:00
Restaurants,308,King Bell Hut(next to top of hirafu gondola ),7.4985185185185195,Kutchan,Japan,Japanese,42.87062209999999,140.6806832,https://www.google.com/maps/search/?api=1&query=King+Bell+Hut%28next+to+top+of+hirafu+gondola+%29&query_place_id=ChIJLymf0KS6Cl8R3tV0FUunnqQ,2025-01-08T01:47:05.018853+00:00
Restaurants,309,HiroNori | Craft Ramen,7.49037037037037,"Santa Clara, CA",United States,Japanese; Ramen,37.3933343,'-121.9775162,https://www.google.com/maps/search/?api=1&query=HiroNori+%7C+Craft+Ramen&query_place_id=ChIJZw6-oKvJj4ARnE5qohg5ILw,2025-01-08T02:00:42.369929+00:00
Bars,17,Toro Rooftop Cocktail Bar Naxos,7.485714285714286,Naxos,Greece,,37.1034019,25.3747533,https://www.google.com/maps/search/?api=1&query=Toro+Rooftop+Cocktail+Bar+Naxos&query_place_id=ChIJ-0yjw5ULmBQRB4pVBH799TI,2024-08-16T09:05:30.658886+00:00
Restaurants,310,Daiki Sushi,7.482222222222223,"San Mateo, CA",United States,Japanese; Sushi,37.5477929,'-122.30893,https://www.google.com/maps/search/?api=1&query=Daiki+Sushi&query_place_id=ChIJ-7aII_iej4ARV_TT46jMcrQ,2025-08-11T03:23:01.686016+00:00
Restaurants,311,Sushi Arashi,7.474074074074075,"Mountain View, CA",United States,Sushi; Japanese,37.3933575,'-122.0794243,https://www.google.com/maps/search/?api=1&query=Sushi+Arashi&query_place_id=ChIJLalQbCu3j4ARhYSFis6AvSA,2025-08-29T16:08:08.562314+00:00
Coffee & tea,44,Verve Coffee Roasters,7.4660714285714285,"Palo Alto, CA",United States,Coffee Shop; Matcha,37.4442151,'-122.1630528,https://www.google.com/maps/search/?api=1&query=Verve+Coffee+Roasters&query_place_id=ChIJIdyPATq7j4ARMGiI0FBTjos,2024-01-10T01:17:29.837057+00:00
Restaurants,312,Hayz Dog,7.4659259259259265,"San Francisco, CA",United States,Hot Dogs,37.77708829999999,'-122.4223502,https://www.google.com/maps/search/?api=1&query=Hayz+Dog&query_place_id=ChIJX13ssvGBhYARgmDcFfD7htM,2026-06-29T01:50:30.035993+00:00
Restaurants,313,Upstreet Diner,7.457777777777778,"Pittsburgh, PA",United States,Breakfast,40.4375731,'-79.922727,https://www.google.com/maps/search/?api=1&query=Upstreet+Diner&query_place_id=ChIJh9UePtzzNIgRsWPBOb3uS9w,2025-01-15T01:52:25.441746+00:00
Restaurants,314,The Exchange Restaurant,7.44962962962963,"Pittsburgh, PA",United States,Breakfast; Sandwiches,40.4415745,'-79.9420131,https://www.google.com/maps/search/?api=1&query=The+Exchange+Restaurant&query_place_id=ChIJpfU6JCDyNIgRBJaVl6Aj8cQ,2024-07-08T21:40:33.690871+00:00
Dessert,25,Kyo Matcha,7.445161290322581,"Pittsburgh, PA",United States,Japanese; Cafe; Matcha,40.4378327,'-79.9203993,https://www.google.com/maps/search/?api=1&query=Kyo+Matcha&query_place_id=ChIJk6wMKnLzNIgRhKQ9j_sxfw8,2024-09-01T01:36:40.127477+00:00
Restaurants,315,EatUnique Cafe,7.441481481481482,"Pittsburgh, PA",United States,Sandwiches,40.4456025,'-79.94858339999999,https://www.google.com/maps/search/?api=1&query=EatUnique+Cafe&query_place_id=ChIJwaWqIiTyNIgRTdPU35k894M,2024-02-21T14:31:41.504944+00:00
Restaurants,316,Kusan Bazaar 龟兹集市,7.433333333333334,"Mountain View, CA",United States,Uyghur,37.40270450000001,'-122.1140212,https://www.google.com/maps/search/?api=1&query=Kusan+Bazaar+%E9%BE%9F%E5%85%B9%E9%9B%86%E5%B8%82&query_place_id=ChIJ95RyX2Gxj4ARfNp2V6qcvPM,2025-10-05T18:45:56.541082+00:00
Restaurants,317,Taverna Naxos,7.425185185185185,Naxos,Greece,Greek; Seafood,37.1043067,25.3756352,https://www.google.com/maps/search/?api=1&query=Taverna+Naxos&query_place_id=ChIJs6ax0TQLmBQRTnGqm1pac9s,2025-12-08T03:54:57.677931+00:00
Restaurants,318,Ben Tre Restaurant,7.417037037037037,"Millbrae, CA",United States,Vietnamese,37.6006207,'-122.3902117,https://www.google.com/maps/search/?api=1&query=Ben+Tre+Restaurant&query_place_id=ChIJP2jsTKV3j4ARwBSvFeTCKto,2025-11-23T18:40:20.711535+00:00
Restaurants,319,Taiwanese Bistro Cafe 33,7.408888888888889,"Pittsburgh, PA",United States,Taiwanese; Chinese,40.4376751,'-79.9190924,https://www.google.com/maps/search/?api=1&query=Taiwanese+Bistro+Cafe+33&query_place_id=ChIJR0IGCADyNIgRvOjy0MNoRTs,2023-12-24T03:25:02.029552+00:00
Coffee & tea,45,Ume Tea,7.4071428571428575,"Palo Alto, CA",United States,Bubble Tea; Cafe,37.4261194,'-122.1447222,https://www.google.com/maps/search/?api=1&query=Ume+Tea&query_place_id=ChIJ6UCkPHm7j4ARH_GIurdWWEY,2023-12-24T03:35:30.651620+00:00
Restaurants,320,Mala Hotpot,7.400740740740741,"Pittsburgh, PA",United States,Hotpot,40.441333,'-79.9586691,https://www.google.com/maps/search/?api=1&query=Mala+Hotpot&query_place_id=ChIJGQpeNXPzNIgRxDow-rr88Kg,2024-09-12T15:26:11.002621+00:00
Bakeries,16,Clover Bakery & Cafe,7.394736842105264,"San Jose, CA",United States,Bakery; Japanese,37.31557679999999,'-121.9781566,https://www.google.com/maps/search/?api=1&query=Clover+Bakery+%26+Cafe&query_place_id=ChIJo2QB4pbKj4ARNlH-w4iAn0g,2025-11-09T02:31:19.618161+00:00
Restaurants,321,"Pastoli's Pizza, Pasta & Paisans",7.392592592592592,"Pittsburgh, PA",United States,Pizza,40.4358863,'-79.92301599999999,https://www.google.com/maps/search/?api=1&query=Pastoli%27s+Pizza%2C+Pasta+%26+Paisans&query_place_id=ChIJS4w6F__xNIgRHBCgNlvm6hY,2024-02-06T22:10:31.189597+00:00
Restaurants,322,Ramen Izakaya Yu-Gen,7.384444444444444,"Mountain View, CA",United States,Ramen; Japanese,37.3945114,'-122.0787491,https://www.google.com/maps/search/?api=1&query=Ramen+Izakaya+Yu-Gen&query_place_id=ChIJvRgkOzS3j4AR6-MWU-pSdQk,2023-12-28T00:54:45.585722+00:00
Restaurants,323,Lers Ros Thai,7.376296296296296,"San Francisco, CA",United States,Thai; Asian; Southeast Asian,37.7769044,'-122.4217422,https://www.google.com/maps/search/?api=1&query=Lers+Ros+Thai&query_place_id=ChIJ99U92ZiAhYARVTbIb2VGPJA,2025-10-19T20:46:25.625413+00:00
Restaurants,324,Kiin Lao & Thai Eatery,7.368148148148149,"Pittsburgh, PA",United States,Thai; Laotian,40.4377594,'-79.9211285,https://www.google.com/maps/search/?api=1&query=Kiin+Lao+%26+Thai+Eatery&query_place_id=ChIJ2bCX4u3zNIgRffs3LXEuos4,2024-02-23T05:29:18.348472+00:00
Restaurants,325,La Bodeguita del Medio,7.359999999999999,"Palo Alto, CA",United States,Cuban,37.4254329,'-122.1452003,https://www.google.com/maps/search/?api=1&query=La+Bodeguita+del+Medio&query_place_id=ChIJRbsp9uW6j4ARyUJHxK7xFX8,2026-03-30T01:31:48.313230+00:00
Restaurants,326,African Eats Cuisine,7.351851851851852,"Pittsburgh, PA",United States,African; Nigerian; West African,40.43389000000001,'-79.9231726,https://www.google.com/maps/search/?api=1&query=African+Eats+Cuisine&query_place_id=ChIJy4AT9-LxNIgRZyAiiPJU6xo,2023-09-17T21:47:35.048437+00:00
Coffee & tea,46,Ume Tea,7.348214285714286,"Fremont, CA",United States,Bubble Tea,37.5192656,'-121.9897608,https://www.google.com/maps/search/?api=1&query=Ume+Tea&query_place_id=ChIJT76kivDHj4ARYI5A2ErnlhI,2024-08-23T15:30:55.311416+00:00
Restaurants,327,Anamit - Vietnamese Authentic,7.343703703703704,Dresden,Germany,Vietnamese,51.0669218,13.7514045,https://www.google.com/maps/search/?api=1&query=Anamit+-+Vietnamese+Authentic&query_place_id=ChIJM2hO1D3PCUcRxlEW8LBg7tI,2023-06-11T04:53:25.241228+00:00
Dessert,26,Pinkberry,7.338709677419355,"Palo Alto, CA",United States,Frozen Yogurt,37.4442515,'-122.1708594,https://www.google.com/maps/search/?api=1&query=Pinkberry&query_place_id=ChIJt6FFSzS7j4ARGR8M9VEY6p8,2024-07-08T21:38:44.070332+00:00
Restaurants,328,Fogo de Chão Brazilian Steakhouse,7.335555555555556,"San Jose, CA",United States,Steakhouse; Brazilian,37.3202655,'-121.9497552,https://www.google.com/maps/search/?api=1&query=Fogo+de+Ch%C3%A3o+Brazilian+Steakhouse&query_place_id=ChIJfTvft9_Kj4ARB3oMwKHtKOw,2023-06-11T01:04:06.665907+00:00
Bars,18,Hi-Lo Club,7.328571428571429,"San Francisco, CA",United States,Cocktail Bar; Bar,37.7899543,'-122.4206988,https://www.google.com/maps/search/?api=1&query=Hi-Lo+Club&query_place_id=ChIJee-F3JSAhYARuxffaoh5D34,2025-12-19T19:30:50.168295+00:00
Restaurants,329,Kantýna,7.327407407407407,Prague,Czechia,Meat; Czech,50.0835041,14.4289189,https://www.google.com/maps/search/?api=1&query=Kant%C3%BDna&query_place_id=ChIJvfeLMZOUC0cRExw8WMgKv4E,2023-06-11T00:15:45.443072+00:00
Restaurants,330,Driftwood Deli & Market,7.31925925925926,"Palo Alto, CA",United States,Delicatessen; Sandwiches; Salad,37.4191156,'-122.1349446,https://www.google.com/maps/search/?api=1&query=Driftwood+Deli+%26+Market&query_place_id=ChIJEwdRVPO6j4ARcukXyQ4qM6o,2023-06-12T13:32:19.097736+00:00
Restaurants,331,Grazie Ristorante,7.311111111111112,"Toronto, ON",Canada,Italian,43.7093346,'-79.3986467,https://www.google.com/maps/search/?api=1&query=Grazie+Ristorante&query_place_id=ChIJ_yW-EiMzK4gRvHHqG-LFF4E,2024-02-16T21:44:21.025339+00:00
Restaurants,332,Adamson's French Dip,7.3029629629629635,"Sunnyvale, CA",United States,Sandwiches,37.3698865,'-122.0416974,https://www.google.com/maps/search/?api=1&query=Adamson%27s+French+Dip&query_place_id=ChIJww5ZLou2j4ARX1F-krF5oig,2023-12-26T07:21:49.193210+00:00
Restaurants,333,Tofu Plus Korean BBQ,7.294814814814815,"Cupertino, CA",United States,Barbecue; Korean,37.3361564,'-122.0150863,https://www.google.com/maps/search/?api=1&query=Tofu+Plus+Korean+BBQ&query_place_id=ChIJJ2lh8ZW1j4AR6dt9a7ReLfs,2024-05-16T08:17:08.483596+00:00
Coffee & tea,47,Ume Tea,7.289285714285715,"Mountain View, CA",United States,Bubble Tea,37.3936622,'-122.0794502,https://www.google.com/maps/search/?api=1&query=Ume+Tea&query_place_id=ChIJq2-1ueS3j4AR_6WJdojzlIw,2024-08-23T15:30:32.148168+00:00
Restaurants,334,Korean Spring BBQ,7.286666666666667,"Santa Clara, CA",United States,Barbecue; Korean,37.34578860000001,'-121.978511,https://www.google.com/maps/search/?api=1&query=Korean+Spring+BBQ&query_place_id=ChIJXzl5nG7Kj4AR2JQsgtbRY0w,2026-05-03T05:14:11.568277+00:00
Restaurants,335,Paik's Noodle / 홍콩반점 산호세,7.278518518518519,"Santa Clara, CA",United States,Korean; Noodles,37.3513928,'-121.9782063,https://www.google.com/maps/search/?api=1&query=Paik%27s+Noodle+%2F+%ED%99%8D%EC%BD%A9%EB%B0%98%EC%A0%90+%EC%82%B0%ED%98%B8%EC%84%B8&query_place_id=ChIJT2NxLBPKj4ARRivowJnL3Wg,2026-06-06T04:25:30.697792+00:00
Restaurants,336,Souvla,7.270370370370371,"San Francisco, CA",United States,Greek; Salad; Frozen Yogurt,37.77652,'-122.425,https://www.google.com/maps/search/?api=1&query=Souvla&query_place_id=ChIJbTB3bKKAhYAR8Yqc6dEIMbQ,2026-09-14T09:03:16.159355+00:00
Restaurants,337,um.ma,7.262222222222222,"San Francisco, CA",United States,Korean; Asian,37.7655061,'-122.466241,https://www.google.com/maps/search/?api=1&query=um.ma&query_place_id=ChIJ85tbw0aHhYARIXIu4a1XW-A,2026-08-09T19:30:44.898812+00:00
Restaurants,338,Bonchon Cambridge - John F Kennedy St,7.254074074074074,"Cambridge, MA",United States,Korean; Fried Chicken,42.372051,'-71.120772,https://www.google.com/maps/search/?api=1&query=Bonchon+Cambridge+-+John+F+Kennedy+St&query_place_id=ChIJL63iVwnDyIkRHQLgjZC4-A8,2025-08-29T16:03:34.240111+00:00
Restaurants,339,Olympus Caffe & Bakery,7.245925925925926,"Mountain View, CA",United States,Bakery; Beer Garden,37.3944747,'-122.0782518,https://www.google.com/maps/search/?api=1&query=Olympus+Caffe+%26+Bakery&query_place_id=ChIJZSOjJjS3j4AR1laX4fkSz08,2024-08-23T15:36:42.930350+00:00
Restaurants,340,Sudam Bunsik | Vons Chicken Mountain View,7.237777777777778,"Mountain View, CA",United States,Korean; Fried Chicken,37.37898879999999,'-122.0721981,https://www.google.com/maps/search/?api=1&query=Sudam+Bunsik+%7C+Vons+Chicken+Mountain+View&query_place_id=ChIJZ65tH9S3j4AR36NF-Ttm0Sk,2024-07-08T23:38:39.638748+00:00
Dessert,27,Dippin' Dots,7.232258064516129,"Monterey, CA",United States,Ice Cream,36.61629,'-121.900696,https://www.google.com/maps/search/?api=1&query=Dippin%27+Dots&query_place_id=ChIJLxip9QHkjYARO99t1m8g0Os,2024-07-14T06:53:42.211948+00:00
Coffee & tea,48,Happy Lemon,7.230357142857143,"Mountain View, CA",United States,Bubble Tea,37.3937018,'-122.0784145,https://www.google.com/maps/search/?api=1&query=Happy+Lemon&query_place_id=ChIJE0vAZ1C3j4ARvwGHBtkDZhs,2026-06-23T16:11:26.249338+00:00
Restaurants,341,La Fiesta,7.229629629629629,"Mountain View, CA",United States,Mexican,37.3916289,'-122.0728897,https://www.google.com/maps/search/?api=1&query=La+Fiesta&query_place_id=ChIJlXOKcDC3j4ARzal-5j-p-FY,2024-05-16T07:59:19.528046+00:00
Restaurants,342,Chef Zhao Kitchen,7.221481481481481,"Palo Alto, CA",United States,Chinese; Shanghainese,37.4482769,'-122.1261363,https://www.google.com/maps/search/?api=1&query=Chef+Zhao+Kitchen&query_place_id=ChIJTamC_qi7j4ARMAC_ZB2hHMI,2024-07-08T23:22:49.395706+00:00
Bakeries,17,PORTOBELLO,7.221052631578948,"Whistler, BC",Canada,Bakery; Barbecue; American,50.1167789,'-122.9468653,https://www.google.com/maps/search/?api=1&query=PORTOBELLO&query_place_id=ChIJa26QwFIjh1QRgRTtZYA0UXM,2023-12-28T00:40:04.039635+00:00
Restaurants,343,Son & Garden,7.213333333333333,"Palo Alto, CA",United States,Brunch,37.44558859999999,'-122.1607901,https://www.google.com/maps/search/?api=1&query=Son+%26+Garden&query_place_id=ChIJ_dx0iZu7j4ARC7XJbOtQmjg,2024-08-19T08:14:29.558880+00:00
Restaurants,344,Sweet Maple,7.205185185185186,"Palo Alto, CA",United States,Breakfast; Brunch; Asian Fusion,37.443997,'-122.162979,https://www.google.com/maps/search/?api=1&query=Sweet+Maple&query_place_id=ChIJgSKtATq7j4AR1LVZ7VN8W3I,2025-01-27T17:41:58.991486+00:00
Restaurants,345,Noodle Talk,7.1970370370370365,"Los Altos, CA",United States,Chinese; Hunan; Noodles,37.4008056,'-122.1144528,https://www.google.com/maps/search/?api=1&query=Noodle+Talk&query_place_id=ChIJNaoyf5uwj4ARkH2E1EA5J-g,2023-06-10T05:39:50.866220+00:00
Restaurants,346,Sundance The Steakhouse,7.188888888888889,"Palo Alto, CA",United States,American; Seafood; Steakhouse,37.428562,'-122.149672,https://www.google.com/maps/search/?api=1&query=Sundance+The+Steakhouse&query_place_id=ChIJaWnuL-e6j4ARR6YIY348nZk,2023-06-10T05:35:26.367893+00:00
Restaurants,347,The Palm Court at RH San Francisco,7.180740740740741,"San Francisco, CA",United States,American,37.76076339999999,'-122.3873612,https://www.google.com/maps/search/?api=1&query=The+Palm+Court+at+RH+San+Francisco&query_place_id=ChIJZ-2Jug9_j4ARcS2_6s5KCNs,2025-09-14T00:10:01.182628+00:00
Restaurants,348,The Boiling Crab,7.172592592592593,"San Jose, CA",United States,Seafood,37.3026313,'-121.864222,https://www.google.com/maps/search/?api=1&query=The+Boiling+Crab&query_place_id=ChIJmWZMuxszjoAR0fXhXB1XNV4,2023-12-24T03:22:06.768024+00:00
Coffee & tea,49,Tpumps,7.171428571428572,"San Francisco, CA",United States,Bubble Tea,37.7636454,'-122.4786131,https://www.google.com/maps/search/?api=1&query=Tpumps&query_place_id=ChIJJziiiG-HhYARmchx-ISV06g,2025-12-30T07:12:57.785998+00:00
Bars,19,The Club Lounge at PIT,7.171428571428572,"Pittsburgh, PA",United States,American,40.49491929999999,'-80.2466371,https://www.google.com/maps/search/?api=1&query=The+Club+Lounge+at+PIT&query_place_id=ChIJm6Anbu9cNIgRQHwoBDjxl-k,2024-07-08T21:42:46.784786+00:00
Restaurants,349,Nick's Rockaway,7.164444444444444,"Pacifica, CA",United States,Seafood,37.60957799999999,'-122.496819,https://www.google.com/maps/search/?api=1&query=Nick%27s+Rockaway&query_place_id=ChIJudEwT4l6j4AR8kruJkjSG7k,2026-05-24T02:34:26.396315+00:00
Restaurants,350,Old Mandarin Islamic Restaurant,7.156296296296297,"San Francisco, CA",United States,Chinese,37.7384186,'-122.5006965,https://www.google.com/maps/search/?api=1&query=Old+Mandarin+Islamic+Restaurant&query_place_id=ChIJI8kEiXp9j4ARByCiwa0PF-Q,2023-06-10T05:34:20.761762+00:00
Restaurants,351,Les Deux Magots,7.148148148148149,Paris,France,Cafe; French,48.854052,2.3331062,https://www.google.com/maps/search/?api=1&query=Les+Deux+Magots&query_place_id=ChIJLeslLNhx5kcRtkpSU9ZmNvo,2023-06-10T06:17:46.067154+00:00
Restaurants,352,Le Relais de l'Entrecôte,7.140000000000001,Paris,France,French; Steakhouse,48.85462099999999,2.3328647,https://www.google.com/maps/search/?api=1&query=Le+Relais+de+l%27Entrec%C3%B4te&query_place_id=ChIJzaRYiNdx5kcRlxQ89kuogt0,2024-07-08T22:02:40.518586+00:00
Restaurants,353,Essex Restaurant,7.131851851851852,"New York, NY",United States,American; Seafood; Brunch,40.719819,'-73.9870967,https://www.google.com/maps/search/?api=1&query=Essex+Restaurant&query_place_id=ChIJ7fydz4BZwokRDDwDLrzF5ts,2025-03-09T03:42:53.343954+00:00
Dessert,28,Easy Breezy Frozen Yogurt,7.125806451612903,"San Francisco, CA",United States,Frozen Yogurt; Ice Cream,37.7404634,'-122.4665495,https://www.google.com/maps/search/?api=1&query=Easy+Breezy+Frozen+Yogurt&query_place_id=ChIJVVV--Op9j4ARIKtwjpQ_Ueo,2026-07-05T16:22:13.601311+00:00
Restaurants,354,Le Georges,7.123703703703704,Paris,France,French,48.8599858,2.3519691,https://www.google.com/maps/search/?api=1&query=Le+Georges&query_place_id=ChIJoyC4CRxu5kcRSR3WUSu_Nsg,2024-07-08T22:51:34.472045+00:00
Restaurants,355,Gaucho Parrilla Argentina,7.115555555555556,"Pittsburgh, PA",United States,Argentinian; South American,40.4427824,'-80.0025062,https://www.google.com/maps/search/?api=1&query=Gaucho+Parrilla+Argentina&query_place_id=ChIJHaLGRefzNIgRf_UaVEuRZtE,2025-01-15T01:51:28.717442+00:00
Coffee & tea,50,ZERO&,7.112500000000001,"Palo Alto, CA",United States,Bubble Tea,37.4427846,'-122.1711815,https://www.google.com/maps/search/?api=1&query=ZERO%26&query_place_id=ChIJi-FSGjm7j4AReKpGm0fAsVw,2024-08-23T15:31:23.380999+00:00
Restaurants,356,Vin48,7.107407407407408,"Avon, CO",United States,American,39.6349375,'-106.5217751,https://www.google.com/maps/search/?api=1&query=Vin48&query_place_id=ChIJtwdHQcV3aocRW16CBsb-lNY,2024-07-08T21:44:08.542915+00:00
Restaurants,357,Café de Flore,7.099259259259259,Paris,France,Cafe; French,48.8541588,2.3326046,https://www.google.com/maps/search/?api=1&query=Caf%C3%A9+de+Flore&query_place_id=ChIJq537gddx5kcR_3PhRd2muxg,2024-07-08T22:02:04.065969+00:00
Restaurants,358,Chez Maman West,7.091111111111111,"San Francisco, CA",United States,French; European,37.77704049999999,'-122.4231768,https://www.google.com/maps/search/?api=1&query=Chez+Maman+West&query_place_id=ChIJ76A_lpiAhYAR6QgSjMe9MoU,2025-09-07T19:09:21.853046+00:00
Restaurants,359,Ondam,7.082962962962963,"Santa Clara, CA",United States,Korean,37.3518572,'-121.9694883,https://www.google.com/maps/search/?api=1&query=Ondam&query_place_id=ChIJ5Vzx3u7Lj4ARL3AGbXjk0gs,2026-02-08T20:10:04.971896+00:00
Restaurants,360,Haidilao Hot Pot Cupertino,7.074814814814815,"Cupertino, CA",United States,Hot Pot; Chinese,37.323785,'-122.009201,https://www.google.com/maps/search/?api=1&query=Haidilao+Hot+Pot+Cupertino&query_place_id=ChIJK5B_3Z21j4ARuIABkYGEC-8,2024-07-08T22:51:09.773397+00:00
Restaurants,361,Yank Sing (Stevenson St.),7.066666666666666,"San Francisco, CA",United States,Chinese; Dim Sum,37.7898659,'-122.3993287,https://www.google.com/maps/search/?api=1&query=Yank+Sing+%28Stevenson+St.%29&query_place_id=ChIJ1aUl92KAhYARTY_D5x-dTnE,2025-12-25T01:31:20.389334+00:00
Restaurants,362,Smoking Pig BBQ - San Jose Coleman,7.058518518518518,"San Jose, CA",United States,Barbecue,37.35073180000001,'-121.9226137,https://www.google.com/maps/search/?api=1&query=Smoking+Pig+BBQ+-+San+Jose+Coleman&query_place_id=ChIJHa4zpJ_Lj4ARjtkcP2pIX68,2024-07-08T21:51:21.607595+00:00
Coffee & tea,51,Blue Bottle Coffee,7.053571428571429,"San Francisco, CA",United States,Coffee Shop,37.7961181,'-122.3939851,https://www.google.com/maps/search/?api=1&query=Blue+Bottle+Coffee&query_place_id=ChIJWTGPjmaAhYAR6c9cUJ1axtM,2025-11-09T02:29:28.992053+00:00
Restaurants,363,Teakwood,7.05037037037037,"San Francisco, CA",United States,Burmese,37.77772159999999,'-122.42299,https://www.google.com/maps/search/?api=1&query=Teakwood&query_place_id=ChIJ-7YMCl6BhYAR5jZSEDs5_SE,2026-08-27T15:11:12.734158+00:00
Bakeries,18,Brauð & Co,7.0473684210526315,Reykjavík,Iceland,Bakery; Coffee,64.1440082,'-21.9260257,https://www.google.com/maps/search/?api=1&query=Brau%C3%B0+%26+Co&query_place_id=ChIJRW_988x01kgR2UA5DL7q8rQ,2024-10-13T14:58:41.112426+00:00
Restaurants,364,The Third Floor,7.042222222222223,"San Francisco, CA",United States,American; Asian Fusion; Brunch,37.794702,'-122.4006747,https://www.google.com/maps/search/?api=1&query=The+Third+Floor&query_place_id=ChIJ5ZJ8MmCAhYARlWdcG-Y51NM,2026-06-06T04:21:20.126585+00:00
Restaurants,365,Manta Restaurant,7.0340740740740735,"Waimea, HI",United States,American; Hawaiian; Asian Fusion,20.0064012,'-155.8250661,https://www.google.com/maps/search/?api=1&query=Manta+Restaurant&query_place_id=ChIJr6xr0TOHU3kReFUmA0pshzc,2026-07-15T20:32:08.635562+00:00
Restaurants,366,Lanikai Brewing Company,7.025925925925926,"Volcano, HI",United States,American; Hawaiian; Japanese,19.4283927,'-155.2355041,https://www.google.com/maps/search/?api=1&query=Lanikai+Brewing+Company&query_place_id=ChIJZRH-5RXRU3kRwftYL29UZVg,2026-07-12T22:42:18.580487+00:00
Dessert,29,Sidewalk Juice San Francisco,7.019354838709678,"San Francisco, CA",United States,Juice,37.7713972,'-122.4351342,https://www.google.com/maps/search/?api=1&query=Sidewalk+Juice+San+Francisco&query_place_id=ChIJxXmEd_uBhYAR2iB0JESdpT8,2026-07-30T07:34:59.181622+00:00
Restaurants,367,Monterey Bay Fish Grotto,7.017777777777778,"Pittsburgh, PA",United States,Seafood; American,40.4388519,'-80.0212287,https://www.google.com/maps/search/?api=1&query=Monterey+Bay+Fish+Grotto&query_place_id=ChIJPz5dmKX2NIgRgcESndEXxLQ,2025-05-14T22:57:05.648762+00:00
Bars,20,Novela,7.014285714285714,"San Francisco, CA",United States,Cocktail Bar,37.787097,'-122.40136,https://www.google.com/maps/search/?api=1&query=Novela&query_place_id=ChIJ4SdSVH2AhYARt7cqaht4fss,2025-10-26T00:33:59.990431+00:00
Restaurants,368,Phở Hà Nội,7.00962962962963,"Palo Alto, CA",United States,Vietnamese; Pho,37.4447089,'-122.1630402,https://www.google.com/maps/search/?api=1&query=Ph%E1%BB%9F+H%C3%A0+N%E1%BB%99i&query_place_id=ChIJT_HstGa7j4ARLGiY5dPGJDg,2025-06-14T01:59:31.259346+00:00
Restaurants,369,Village Corner Bistro,7.001481481481481,"Carmel-by-the-Sea, CA",United States,Brunch; American,36.5557903,'-121.9225909,https://www.google.com/maps/search/?api=1&query=Village+Corner+Bistro&query_place_id=ChIJ01W9MxXmjYARqAUxSeEyBK4,2026-01-04T02:30:16.397669+00:00
Coffee & tea,52,Cafe Réveille,6.994642857142857,"San Francisco, CA",United States,Coffee Shop; Healthy; Salad,37.7710697,'-122.4320952,https://www.google.com/maps/search/?api=1&query=Cafe+R%C3%A9veille&query_place_id=ChIJ74VF-qaAhYARb0YeIN1ZqEA,2026-03-30T01:36:44.942204+00:00
Restaurants,370,In-N-Out Burger,6.993333333333334,"Daly City, CA",United States,Burgers; American,37.6882276,'-122.4720041,https://www.google.com/maps/search/?api=1&query=In-N-Out+Burger&query_place_id=ChIJ3VjyinJ8j4ARm6mZIXs9_xQ,2025-06-27T01:22:40.197805+00:00
Restaurants,371,Lolita Back Bay,6.985185185185186,"Boston, MA",United States,Mexican,42.3506838,'-71.0773765,https://www.google.com/maps/search/?api=1&query=Lolita+Back+Bay&query_place_id=ChIJ0VQFcQx644kR9HL-L98mUFY,2025-08-29T16:00:01.173811+00:00
Restaurants,372,Beaver Creek Chophouse,6.977037037037038,"Avon, CO",United States,Seafood; Steakhouse,39.60294,'-106.517514,https://www.google.com/maps/search/?api=1&query=Beaver+Creek+Chophouse&query_place_id=ChIJi9xsU8R3aocRWq4qRuIZJhs,2024-07-08T21:43:52.095822+00:00
Restaurants,373,Juniper Restaurant Edwards CO,6.968888888888889,"Edwards, CO",United States,American; Bar,39.6438868,'-106.5915401,https://www.google.com/maps/search/?api=1&query=Juniper+Restaurant+Edwards+CO&query_place_id=ChIJgYlwDwXZQYcRxIh6Llwusx8,2024-07-08T21:46:04.967591+00:00
Restaurants,374,Grouse Mountain Grill,6.960740740740741,"Avon, CO",United States,American,39.60628,'-106.520889,https://www.google.com/maps/search/?api=1&query=Grouse+Mountain+Grill&query_place_id=ChIJiw7S2fd3aocR8MWsCUyqSlU,2024-07-08T21:43:20.760056+00:00
Restaurants,375,Kura Revolving Sushi Bar,6.952592592592593,"Cupertino, CA",United States,Japanese; Sushi,37.3253658,'-122.0118873,https://www.google.com/maps/search/?api=1&query=Kura+Revolving+Sushi+Bar&query_place_id=ChIJ6bWI2J61j4ARY5IwPV9HXP0,2024-07-08T21:34:40.990653+00:00
Restaurants,376,H.L. Peninsula Restaurant,6.944444444444445,"Milpitas, CA",United States,Chinese; Dim Sum; Cantonese,37.42657679999999,'-121.9195546,https://www.google.com/maps/search/?api=1&query=H.L.+Peninsula+Restaurant&query_place_id=ChIJixWvOKvJj4AR3Jp2gbsBZKk,2024-05-16T09:02:43.220038+00:00
Restaurants,377,Shabuway,6.936296296296296,"San Jose, CA",United States,Hot Pot; Shabu Shabu,37.31558589999999,'-121.9772305,https://www.google.com/maps/search/?api=1&query=Shabuway&query_place_id=ChIJu_WX95bKj4ARMkY_2xVzGyI,2025-08-01T03:27:11.237018+00:00
Coffee & tea,53,Coffeebar,6.935714285714286,"Redwood City, CA",United States,Coffee Shop,37.4868143,'-122.2266776,https://www.google.com/maps/search/?api=1&query=Coffeebar&query_place_id=ChIJgycuT0qjj4ARSXGzPXlqVdo,2025-12-25T01:29:55.243672+00:00
Restaurants,378,Skipper Restaurant,6.928148148148148,Stykkishólmur,Iceland,Seafood; Nordic,65.0749151,'-22.7279358,https://www.google.com/maps/search/?api=1&query=Skipper+Restaurant&query_place_id=ChIJiRST6xEN1UgR8Ex6Exb2Plw,2024-10-15T18:32:33.244236+00:00
Restaurants,379,How Lee Chinese Restaurant,6.92,"Pittsburgh, PA",United States,Chinese,40.43786,'-79.919485,https://www.google.com/maps/search/?api=1&query=How+Lee+Chinese+Restaurant&query_place_id=ChIJG-eFCADyNIgRTaCHY2zqm1w,2024-08-26T16:06:11.706216+00:00
Dessert,30,Ghirardelli Chocolate Experience,6.912903225806452,"San Francisco, CA",United States,Ice Cream; Chocolate Shop,37.8059485,'-122.4229383,https://www.google.com/maps/search/?api=1&query=Ghirardelli+Chocolate+Experience&query_place_id=ChIJvXl2weCAhYARjSxnhzrBfNc,2025-06-27T01:25:31.312064+00:00
Restaurants,380,Northside Kitchen,6.911851851851852,"Avon, CO",United States,Meat; American,39.6388417,'-106.5213078,https://www.google.com/maps/search/?api=1&query=Northside+Kitchen&query_place_id=ChIJz-cGsc93aocR4r-96tdJl9o,2024-07-08T21:44:55.028992+00:00
Restaurants,381,Wei's Fish,6.9037037037037035,"Cupertino, CA",United States,Chinese,37.315575,'-122.031902,https://www.google.com/maps/search/?api=1&query=Wei%27s+Fish&query_place_id=ChIJdX96niC1j4ARAPhEL95pgDc,2024-01-12T20:30:28.153451+00:00
Restaurants,382,Bottega,6.895555555555555,"Yountville, CA",United States,Italian,38.401926,'-122.362402,https://www.google.com/maps/search/?api=1&query=Bottega&query_place_id=ChIJe9lSVlFVhIART_Xko-Iw-nI,2024-11-26T22:38:53.964609+00:00
Restaurants,383,Il Fornaio,6.887407407407407,"Palo Alto, CA",United States,Italian,37.4479051,'-122.1588629,https://www.google.com/maps/search/?api=1&query=Il+Fornaio&query_place_id=ChIJpf2l3zi7j4ARq9jTYIKdfb0,2024-08-02T16:13:38.863780+00:00
Restaurants,384,Bonita Taqueria & Rotisserie,6.87925925925926,"San Francisco, CA",United States,Taqueria; Mexican,37.8001699,'-122.4404629,https://www.google.com/maps/search/?api=1&query=Bonita+Taqueria+%26+Rotisserie&query_place_id=ChIJG2qvotaAhYART1yImlCQa5E,2023-12-28T01:11:24.866725+00:00
Coffee & tea,54,Xing Fu Tang Flushing,6.876785714285715,"New York, NY",United States,Taiwanese; Bubble Tea; Dessert,40.7582153,'-73.82967870000002,https://www.google.com/maps/search/?api=1&query=Xing+Fu+Tang+Flushing&query_place_id=ChIJwy3FzephwokRioE1cMczi58,2025-03-07T03:18:37.620546+00:00
Bakeries,19,Bagel Factory,6.873684210526316,"Pittsburgh, PA",United States,Delicatessen,40.43828999999999,'-79.9199917,https://www.google.com/maps/search/?api=1&query=Bagel+Factory&query_place_id=ChIJI5RySkLzNIgRZUx6w2xUY9s,2023-10-29T16:44:48.692414+00:00
Restaurants,385,Little Lucca,6.8711111111111105,"South San Francisco, CA",United States,Sandwiches,37.6508752,'-122.430667,https://www.google.com/maps/search/?api=1&query=Little+Lucca&query_place_id=ChIJQToNPJx5j4ARBogaFNIi8vE,2024-06-02T22:45:12.035454+00:00
Restaurants,386,Madras Café,6.862962962962963,"Sunnyvale, CA",United States,Indian; South Indian; Vegetarian,37.3743,'-122.0549333,https://www.google.com/maps/search/?api=1&query=Madras+Caf%C3%A9&query_place_id=ChIJlbIO1Oi2j4ARp17Uf24xkHk,2024-05-16T08:21:56.871801+00:00
Bars,21,Natoma Cabana,6.857142857142858,"San Francisco, CA",United States,Bar,37.7876082,'-122.3986025,https://www.google.com/maps/search/?api=1&query=Natoma+Cabana&query_place_id=ChIJG-bWKX2AhYARvl635k-wr48,2025-10-05T18:46:37.404154+00:00
Restaurants,387,bb.q Chicken Centreville,6.854814814814815,"Centreville, VA",United States,Korean; Fried Chicken,38.83627049999999,'-77.4391349,https://www.google.com/maps/search/?api=1&query=bb.q+Chicken+Centreville&query_place_id=ChIJx42cPO5EtokRhuPlpuB79jk,2025-05-14T22:59:00.278846+00:00
Restaurants,388,The Halal Guys,6.846666666666667,"New York, NY",United States,Halal,40.7536342,'-73.9385523,https://www.google.com/maps/search/?api=1&query=The+Halal+Guys&query_place_id=ChIJUdCQtgtZwokRjS66-zQtbEI,2025-03-09T03:44:15.941850+00:00
Restaurants,389,Lados,6.838518518518518,"Sunnyvale, CA",United States,Pakistani; Fried Chicken,37.4028344,'-122.0213038,https://www.google.com/maps/search/?api=1&query=Lados&query_place_id=ChIJqabMSkG3j4ARkdBYreOT-8A,2024-06-13T21:19:02.580270+00:00
Restaurants,390,Tomate Fresh Kitchen,6.830370370370371,"Evanston, IL",United States,Mexican; Guatemalan; Latin American,42.0583187,'-87.6838049,https://www.google.com/maps/search/?api=1&query=Tomate+Fresh+Kitchen&query_place_id=ChIJiWZX7KbaD4gR40UftMtOSrE,2024-04-19T19:07:14.391215+00:00
Restaurants,391,Felipe's Taqueria,6.822222222222223,"Cambridge, MA",United States,Mexican; Tacos; Taqueria,42.3734811,'-71.1204944,https://www.google.com/maps/search/?api=1&query=Felipe%27s+Taqueria&query_place_id=ChIJIZZdOEJdXEAR6RG1ashN1lo,2024-04-07T17:21:38.598341+00:00
Coffee & tea,55,Wushiland Boba - S Craig St (CMU),6.817857142857143,"Pittsburgh, PA",United States,Asian; Bubble Tea,40.4457177,'-79.94909810000001,https://www.google.com/maps/search/?api=1&query=Wushiland+Boba+-+S+Craig+St+%28CMU%29&query_place_id=ChIJB6SGuBnzNIgR0nap7NLnMs4,2024-01-22T14:26:41.911346+00:00
Restaurants,392,In-N-Out Burger,6.814074074074075,"San Carlos, CA",United States,Burgers,37.5129452,'-122.2586092,https://www.google.com/maps/search/?api=1&query=In-N-Out+Burger&query_place_id=ChIJ33nQwQaij4ARGaXcr8UY8j4,2024-07-08T21:35:30.673436+00:00
Dessert,31,Over The Moon Creamery,6.806451612903226,"San Francisco, CA",United States,Ice Cream,37.8006261,'-122.4387147,https://www.google.com/maps/search/?api=1&query=Over+The+Moon+Creamery&query_place_id=ChIJJdOk3daAhYARxB6kA5-wSf0,2025-09-07T19:16:22.021868+00:00
Restaurants,393,South Silk Road Restaurant,6.805925925925926,"Richmond, BC",Canada,Chinese,49.1699551,'-123.143746,https://www.google.com/maps/search/?api=1&query=South+Silk+Road+Restaurant&query_place_id=ChIJFc-yBtALhlQRfoFyJENHPzk,2023-12-30T19:47:42.011995+00:00
Restaurants,394,Dumpling Hours-Palo Alto,6.797777777777778,"Palo Alto, CA",United States,Chinese; Dumplings,37.4454109,'-122.161097,https://www.google.com/maps/search/?api=1&query=Dumpling+Hours-Palo+Alto&query_place_id=ChIJwVXiPQ-7j4ARm5uHGNqN66U,2024-06-25T03:33:08.780898+00:00
Restaurants,395,Zingsters - Palo Alto,6.78962962962963,"Palo Alto, CA",United States,Burgers,37.4448799,'-122.1622482,https://www.google.com/maps/search/?api=1&query=Zingsters+-+Palo+Alto&query_place_id=ChIJjd5X2vS7j4ARiNBqvB7e3B0,2026-06-07T20:41:41.563212+00:00
Restaurants,396,Oren's Hummus,6.781481481481482,"Palo Alto, CA",United States,Israeli,37.4456966,'-122.1622282,https://www.google.com/maps/search/?api=1&query=Oren%27s+Hummus&query_place_id=ChIJ361H6jm7j4ARk1vmz_dEqwE,2024-06-27T01:14:49.715891+00:00
Restaurants,397,Curry Hyuga,6.773333333333333,"Cupertino, CA",United States,Japanese; Curry,37.3219925,'-122.0170773,https://www.google.com/maps/search/?api=1&query=Curry+Hyuga&query_place_id=ChIJBzTjKgO1j4ARJX6gG5U2iYc,2024-07-08T21:34:58.242772+00:00
Restaurants,398,NENI am Naschmarkt,6.765185185185185,Vienna,Austria,Middle Eastern; Israeli,48.1979007,16.3621063,https://www.google.com/maps/search/?api=1&query=NENI+am+Naschmarkt&query_place_id=ChIJTaKjjIQHbUcRr1Cvk38JjHI,2024-08-23T15:34:55.917349+00:00
Coffee & tea,56,Lucky Tea,6.758928571428571,"Santa Clara, CA",United States,Bubble Tea,37.3252844,'-121.9472239,https://www.google.com/maps/search/?api=1&query=Lucky+Tea&query_place_id=ChIJRxBAmB7Lj4ARi76qilC8Ggo,2024-05-16T08:14:06.925147+00:00
Restaurants,399,"Pappa, cocina ecuatoriana",6.757037037037037,Latacunga,Ecuador,,'-0.7870763,'-78.6121907,https://www.google.com/maps/search/?api=1&query=Pappa%2C+cocina+ecuatoriana&query_place_id=ChIJbZZfwodh1JERRwq_WFST3lU,2023-09-02T19:17:19.865797+00:00
Restaurants,400,KuJiRa Sushi & Bar,6.748888888888889,"Pittsburgh, PA",United States,Sushi; Japanese,40.451308,'-79.9341518,https://www.google.com/maps/search/?api=1&query=KuJiRa+Sushi+%26+Bar&query_place_id=ChIJgQ6hMabzNIgRcxODFP5gda4,2025-02-07T17:32:46.781821+00:00
Restaurants,401,Brasserie De Joffers,6.7407407407407405,Amsterdam,Netherlands,Dutch,52.3558646,4.8710715,https://www.google.com/maps/search/?api=1&query=Brasserie+De+Joffers&query_place_id=ChIJLVXbwPwJxkcRXNdr0-ws1Oc,2024-08-23T15:28:53.825926+00:00
Restaurants,402,Mount Everest Sushi,6.732592592592592,"Pittsburgh, PA",United States,Sushi,40.441585,'-79.95727049999999,https://www.google.com/maps/search/?api=1&query=Mount+Everest+Sushi&query_place_id=ChIJoaSk8TnzNIgRq6xVnf01Ko4,2025-02-07T17:35:45.053706+00:00
Restaurants,403,Mendocino Farms,6.724444444444444,"Seattle, WA",United States,Sandwiches; Salad,47.6091865,'-122.335432,https://www.google.com/maps/search/?api=1&query=Mendocino+Farms&query_place_id=ChIJaWSQSyhrkFQRvB0YMJ0QTqk,2026-06-23T16:10:35.927128+00:00
Restaurants,404,Crepevine Restaurants,6.716296296296297,"Palo Alto, CA",United States,Crepes; American,37.4469366,'-122.1609496,https://www.google.com/maps/search/?api=1&query=Crepevine+Restaurants&query_place_id=ChIJgbClrTm7j4ARJhcj3TrrG9g,2024-06-08T19:04:50.020671+00:00
Restaurants,405,Hard Rock Cafe,6.708148148148148,"Niagara Falls, NY",United States,American,43.0868377,'-79.06452929999999,https://www.google.com/maps/search/?api=1&query=Hard+Rock+Cafe&query_place_id=ChIJnVMRhOJC04kROSIO5A14hlA,2024-02-18T19:32:31.665529+00:00
Restaurants,406,Jules,6.7,"San Francisco, CA",United States,Pizza,37.7717704,'-122.4305996,https://www.google.com/maps/search/?api=1&query=Jules&query_place_id=ChIJ7-h4bgCBhYARBTQD3QLnoZY,2026-04-26T16:26:13.987980+00:00
Coffee & tea,57,Blue Bottle Coffee,6.7,"Palo Alto, CA",United States,Coffee Shop,37.4476389,'-122.1596142,https://www.google.com/maps/search/?api=1&query=Blue+Bottle+Coffee&query_place_id=ChIJ9yKdHTm7j4ARaQE90yfRDmM,2023-12-28T00:47:45.914262+00:00
Dessert,32,Na Ya Dessert Cafe,6.7,"San Francisco, CA",United States,Thai; Dessert,37.7772013,'-122.4250075,https://www.google.com/maps/search/?api=1&query=Na+Ya+Dessert+Cafe&query_place_id=ChIJo9Z6AbeBhYARvtu1ZYzOno0,2026-05-01T03:02:00.439065+00:00
Bars,22,Café Pasticceria Gamberini,6.7,Bologna,Italy,Coffee Shop; Bakery; Tea,44.49547390000001,11.3378228,https://www.google.com/maps/search/?api=1&query=Caf%C3%A9+Pasticceria+Gamberini&query_place_id=ChIJBQZ-D5TUf0cRKWlpMU76suo,2023-06-11T00:11:01.615745+00:00
Bakeries,20,85°C Bakery Cafe - Cupertino,6.7,"Cupertino, CA",United States,Bakery; Asian,37.32390399999999,'-122.011104,https://www.google.com/maps/search/?api=1&query=85%C2%B0C+Bakery+Cafe+-+Cupertino&query_place_id=ChIJSRjBZ561j4ARYm8TvXEZ3LE,2024-05-17T23:36:22.252378+00:00
Restaurants,407,Z & Y Peking Duck,6.687956204379562,"San Francisco, CA",United States,Chinese; Szechuan; Sichuan,37.79637449999999,'-122.4055142,https://www.google.com/maps/search/?api=1&query=Z+%26+Y+Peking+Duck&query_place_id=ChIJP9HbwPSAhYAR2jzkKhT18MY,2026-08-02T23:01:20.654339+00:00
Restaurants,408,Hau Tree,6.675912408759125,"Waimea, HI",United States,Hawaiian; Mexican,20.0051161,'-155.8242164,https://www.google.com/maps/search/?api=1&query=Hau+Tree&query_place_id=ChIJ-8ZHxDOHU3kRpVaz055hhqk,2026-07-30T07:36:35.450190+00:00
Restaurants,409,Copper Bar,6.663868613138686,"Waimea, HI",United States,Hawaiian; Japanese; American,20.0059639,'-155.8243417,https://www.google.com/maps/search/?api=1&query=Copper+Bar&query_place_id=ChIJx_VELymHU3kRWGm0ldPMHWE,2026-07-30T07:36:25.838468+00:00
Restaurants,410,Jilli SF,6.651824817518248,"San Francisco, CA",United States,Wine Bar; Korean; Asian Fusion,37.7665669,'-122.4179241,https://www.google.com/maps/search/?api=1&query=Jilli+SF&query_place_id=ChIJwTTTWX1_j4ARaCkuPBAJr4A,2026-04-05T22:44:50.311739+00:00
Restaurants,411,YakiniQ Korean BBQ,6.639781021897811,"San Francisco, CA",United States,Barbecue; Korean,37.7859236,'-122.4288742,https://www.google.com/maps/search/?api=1&query=YakiniQ+Korean+BBQ&query_place_id=ChIJnyCjJ7-AhYAR8lSYizWLnS0,2026-02-28T20:53:30.090689+00:00
Restaurants,412,Fikscue Thrive City,6.627737226277373,"San Francisco, CA",United States,Indonesian; Barbecue,37.7688588,'-122.386648,https://www.google.com/maps/search/?api=1&query=Fikscue+Thrive+City&query_place_id=ChIJkdSDFwB_j4AROwoEbbtkb_c,2026-09-07T06:54:36.361989+00:00
Restaurants,413,Hardwood Bar & Smokery,6.615693430656934,"San Francisco, CA",United States,Barbecue; American; Bar,37.77034949999999,'-122.4046496,https://www.google.com/maps/search/?api=1&query=Hardwood+Bar+%26+Smokery&query_place_id=ChIJsezvWyx-j4ARWGoc17QrZFY,2026-07-30T07:33:19.869991+00:00
Restaurants,414,Casbah,6.603649635036496,"Pittsburgh, PA",United States,Mediterranean; Fusion,40.458153,'-79.9249504,https://www.google.com/maps/search/?api=1&query=Casbah&query_place_id=ChIJnetrqnTyNIgR7bt3L49RUTM,2026-06-12T16:12:19.795691+00:00
Restaurants,415,Zajang Grill,6.591605839416059,"San Francisco, CA",United States,Barbecue; Korean,37.78296030000001,'-122.4685948,https://www.google.com/maps/search/?api=1&query=Zajang+Grill&query_place_id=ChIJQRhtcPKHhYAR3aYY0P7s3S0,2026-01-11T08:31:06.297848+00:00
Restaurants,416,Cheung Hing Restaurant,6.579562043795621,"San Francisco, CA",United States,Chinese,37.753546,'-122.488961,https://www.google.com/maps/search/?api=1&query=Cheung+Hing+Restaurant&query_place_id=ChIJQ3ft_H6HhYARioaiUclAh-o,2025-12-25T01:30:22.897818+00:00
Restaurants,417,4505 Burgers & BBQ,6.567518248175182,"San Francisco, CA",United States,American; Barbecue; Burgers,37.7762013,'-122.4382535,https://www.google.com/maps/search/?api=1&query=4505+Burgers+%26+BBQ&query_place_id=ChIJNVlL07GAhYAR_9rzTYSV1as,2025-12-19T19:28:24.614702+00:00
Restaurants,418,Ox 9 Lanzhou Handpulled Noodles,6.555474452554745,"San Mateo, CA",United States,Chinese; Noodles,37.5676478,'-122.3244765,https://www.google.com/maps/search/?api=1&query=Ox+9+Lanzhou+Handpulled+Noodles&query_place_id=ChIJKfn1kpKfj4ARJ-KC-Uwze98,2025-09-19T18:22:52.040294+00:00
Restaurants,419,Ox 9 Lanzhou Handpulled Noodles,6.543430656934307,"Cupertino, CA",United States,Chinese; Noodles,37.31259110000001,'-122.0327418,https://www.google.com/maps/search/?api=1&query=Ox+9+Lanzhou+Handpulled+Noodles&query_place_id=ChIJh9N9LGq1j4ARvpjprfMaEXw,2025-09-15T23:46:36.610845+00:00
Restaurants,420,Burma Love - Downtown,6.531386861313869,"San Francisco, CA",United States,Burmese,37.7828996,'-122.4078583,https://www.google.com/maps/search/?api=1&query=Burma+Love+-+Downtown&query_place_id=ChIJh9kNVMGBhYARsTbPE4DqW34,2026-04-26T18:13:56.552113+00:00
Restaurants,421,四季茶馆火锅 Four Seasons Tea House Hot Pot,6.519343065693431,"Mountain View, CA",United States,Chinese; Hot Pot,37.3947376,'-122.0788399,https://www.google.com/maps/search/?api=1&query=%E5%9B%9B%E5%AD%A3%E8%8C%B6%E9%A6%86%E7%81%AB%E9%94%85+Four+Seasons+Tea+House+Hot+Pot&query_place_id=ChIJH3Br7Ey3j4ARqtmE95weKy0,2025-10-26T00:33:25.044416+00:00
Coffee & tea,58,Le café coffee,6.516666666666667,"New York, NY",United States,Coffee Shop,40.7663395,'-73.98292099999999,https://www.google.com/maps/search/?api=1&query=Le+caf%C3%A9+coffee&query_place_id=ChIJu02Lm2tZwokRY0GI0GtzAKI,2025-01-27T17:54:45.853949+00:00
Restaurants,422,Son & Garden,6.507299270072993,"Menlo Park, CA",United States,Asian Fusion; Korean; Brunch,37.4550286,'-122.1835962,https://www.google.com/maps/search/?api=1&query=Son+%26+Garden&query_place_id=ChIJLylwScmlj4ARj_Cu5p52tuc,2026-06-06T04:21:04.436997+00:00
Restaurants,423,Kogi Gogi BBQ,6.495255474452555,"San Francisco, CA",United States,Barbecue; Korean,37.7630341,'-122.4660633,https://www.google.com/maps/search/?api=1&query=Kogi+Gogi+BBQ&query_place_id=ChIJDzYsLlyHhYARrda25twO0s4,2025-11-09T02:30:34.880089+00:00
Restaurants,424,Ushiya Grill,6.483211678832117,"Milpitas, CA",United States,Japanese; Barbecue,37.4558618,'-121.9106422,https://www.google.com/maps/search/?api=1&query=Ushiya+Grill&query_place_id=ChIJ992eDT7Jj4AROhDPPVHi1Gw,2025-05-31T04:53:49.240036+00:00
Restaurants,425,KPOT Korean BBQ & Hot Pot,6.471167883211679,"Kearny, NJ",United States,Barbecue; Korean,40.7609806,'-74.15794079999999,https://www.google.com/maps/search/?api=1&query=KPOT+Korean+BBQ+%26+Hot+Pot&query_place_id=ChIJTyWF9v1VwokR_YSeQ7ydC-I,2025-03-07T03:07:01.511054+00:00
Restaurants,426,Hong Hot Pot & BBQ Pittsburgh,6.459124087591241,"Pittsburgh, PA",United States,Chinese; Hot Pot,40.5227011,'-80.0064702,https://www.google.com/maps/search/?api=1&query=Hong+Hot+Pot+%26+BBQ+Pittsburgh&query_place_id=ChIJ-WjzZgDzNIgR659uG_jRDC0,2025-03-07T03:18:07.245879+00:00
Restaurants,427,Ukrainian East Village Restaurant,6.447080291970803,"New York, NY",United States,Ukrainian,40.7288915,'-73.9870955,https://www.google.com/maps/search/?api=1&query=Ukrainian+East+Village+Restaurant&query_place_id=ChIJ1drDXZxZwokReMnq1ogIjzY,2025-03-07T03:14:24.844916+00:00
Restaurants,428,Yank Sing (Spear St.),6.4350364963503655,"San Francisco, CA",United States,Chinese; Dim Sum,37.7925627,'-122.3930879,https://www.google.com/maps/search/?api=1&query=Yank+Sing+%28Spear+St.%29&query_place_id=ChIJE_x2VGSAhYARoXDSoUvUjkI,2025-12-25T01:30:49.588641+00:00
Restaurants,429,Good Mong Kok Bakery,6.422992700729927,"San Francisco, CA",United States,Cantonese; Bakery; Dim Sum,37.795455,'-122.408356,https://www.google.com/maps/search/?api=1&query=Good+Mong+Kok+Bakery&query_place_id=ChIJverWRvOAhYARVfNtAtDviIc,2025-09-07T19:11:00.426269+00:00
Restaurants,430,Sushi Hichou,6.410948905109489,Shibuya,Japan,Omakase; Sushi; Japanese,35.6559854,139.7025954,https://www.google.com/maps/search/?api=1&query=Sushi+Hichou&query_place_id=ChIJn7E3IgCLGGAR7DR0U7vGgdk,2025-01-08T01:35:36.172794+00:00
Restaurants,431,Nakama Sushi,6.398905109489052,"San Francisco, CA",United States,Sushi,37.7748092,'-122.4210409,https://www.google.com/maps/search/?api=1&query=Nakama+Sushi&query_place_id=ChIJpbyOT5aBhYARrZzTrrbVEVg,2026-06-10T21:56:55.398665+00:00
Restaurants,432,Sushi Yasaka,6.386861313868613,"New York, NY",United States,Japanese; Sushi; Omakase,40.7796602,'-73.983408,https://www.google.com/maps/search/?api=1&query=Sushi+Yasaka&query_place_id=ChIJQyEs-WFYwokRxcMQc54r9W0,2025-03-07T03:11:39.527046+00:00
Restaurants,433,gi-jin,6.374817518248175,"Pittsburgh, PA",United States,Japanese; Sushi,40.44245459999999,'-80.0021805,https://www.google.com/maps/search/?api=1&query=gi-jin&query_place_id=ChIJoaEBy7LxNIgRW6AehuboyTg,2025-03-24T00:33:29.595771+00:00
Restaurants,434,The Maharaja,6.362773722627738,"Cambridge, MA",United States,Indian,42.3721402,'-71.1208654,https://www.google.com/maps/search/?api=1&query=The+Maharaja&query_place_id=ChIJrQ0EVF1344kRVpRToR8J-ew,2025-08-29T15:57:50.571016+00:00
Restaurants,435,Sapporo Sushi & Steakhouse,6.3507299270073,"Monterey, CA",United States,Japanese; Steakhouse; Sushi,36.6016533,'-121.8902553,https://www.google.com/maps/search/?api=1&query=Sapporo+Sushi+%26+Steakhouse&query_place_id=ChIJmb8SaBjkjYARSXgrFafwmeg,2026-01-04T02:29:48.319802+00:00
Restaurants,436,Amami Shima Sushi,6.338686131386861,"Cupertino, CA",United States,Sushi; Omakase; Japanese,37.3226998,'-122.0060266,https://www.google.com/maps/search/?api=1&query=Amami+Shima+Sushi&query_place_id=ChIJ54EGBEK1j4AR4z6S5qbPulQ,2025-01-15T01:54:55.141207+00:00
Coffee & tea,59,Blue Bottle Coffee,6.333333333333334,"San Francisco, CA",United States,Coffee Shop,37.7824756,'-122.3931157,https://www.google.com/maps/search/?api=1&query=Blue+Bottle+Coffee&query_place_id=ChIJa4tL_niAhYARQsVEo2ROicI,2025-06-27T01:24:14.210039+00:00
Restaurants,437,Lighthouse Restaurant,6.326642335766423,Akranes,Iceland,Scandinavian,64.3177753,'-22.0816836,https://www.google.com/maps/search/?api=1&query=Lighthouse+Restaurant&query_place_id=ChIJMyFS-ADd1UgRqL1gEDO2fPE,2024-10-13T14:53:05.102193+00:00
Restaurants,438,Da Capo,6.314598540145986,Vienna,Austria,Italian; Pizza,48.2078491,16.3763495,https://www.google.com/maps/search/?api=1&query=Da+Capo&query_place_id=ChIJ07c_uJ8HbUcRbI0Z_Iu0FpA,2024-07-08T22:57:20.845988+00:00
Restaurants,439,The Yakitori Bar,6.302554744525548,"Fremont, CA",United States,Japanese; Yakitori,37.4925962,'-121.9296974,https://www.google.com/maps/search/?api=1&query=The+Yakitori+Bar&query_place_id=ChIJKYTt5HrHj4AR2U7T0kCS47I,2024-07-05T18:59:23.588408+00:00
Restaurants,440,Fujiya Ramen,6.290510948905109,"Pittsburgh, PA",United States,Ramen,40.45047570000001,'-79.9352358,https://www.google.com/maps/search/?api=1&query=Fujiya+Ramen&query_place_id=ChIJq6r5xBDyNIgRe8pZWqdDzpg,2025-01-13T02:19:18.750871+00:00
Restaurants,441,Union Grill Oakland,6.278467153284672,"Pittsburgh, PA",United States,American,40.444802,'-79.94851799999999,https://www.google.com/maps/search/?api=1&query=Union+Grill+Oakland&query_place_id=ChIJjx4DoCbyNIgRa4xgF5MtWX8,2023-10-02T00:00:13.726095+00:00
Restaurants,442,Din Tai Fung,6.266423357664234,"Santa Clara, CA",United States,Taiwanese; Chinese; Dumplings,37.32622800000001,'-121.944087,https://www.google.com/maps/search/?api=1&query=Din+Tai+Fung&query_place_id=ChIJWWIlNx7Lj4ARpe1E0ob-_GI,2026-02-01T17:43:42.357760+00:00
Restaurants,443,LE CAFE V,6.254379562043796,Tokyo,Japan,Coffee; Cafe,35.670033,139.7619721,https://www.google.com/maps/search/?api=1&query=LE+CAFE+V&query_place_id=ChIJgyfm5OaLGGARLiAXt0q6S30,2025-01-08T01:34:43.395197+00:00
Restaurants,444,Grand Dynasty Chinese Seafood Restaurant,6.242335766423357,"San Jose, CA",United States,Chinese; Seafood,37.3086869,'-122.0130244,https://www.google.com/maps/search/?api=1&query=Grand+Dynasty+Chinese+Seafood+Restaurant&query_place_id=ChIJLSaUToO1j4ARdVELfKk7U_U,2025-08-06T03:58:56.119837+00:00
Restaurants,445,Yuiga Doxon,6.23029197080292,Furano,Japan,Curry; Japanese,43.344792,142.3894602,https://www.google.com/maps/search/?api=1&query=Yuiga+Doxon&query_place_id=ChIJHQMlUW9Nc18RsMfqn_MK3WY,2025-01-08T01:43:48.279338+00:00
Restaurants,446,Caramba Restaurant,6.218248175182482,"Whistler, BC",Canada,Mediterranean,50.11721970000001,'-122.9549456,https://www.google.com/maps/search/?api=1&query=Caramba+Restaurant&query_place_id=ChIJ81o8DrM8h1QR9NeJlPZ0ZRA,2024-01-02T02:54:18.093683+00:00
Restaurants,447,Bar Baratillo,6.206204379562044,Seville,Spain,Spanish; Tapas,37.3867292,'-5.997863799999998,https://www.google.com/maps/search/?api=1&query=Bar+Baratillo&query_place_id=ChIJvbzWRhFsEg0RWGiqXbdVGn4,2023-06-10T06:16:31.715412+00:00
Restaurants,448,Kasap Fuat Izgara,6.194160583941606,İstanbul,Türkiye,American; Turkish,41.2456287,29.0358443,https://www.google.com/maps/search/?api=1&query=Kasap+Fuat+Izgara&query_place_id=ChIJAUoxd1vnn0AR6jBC-BXDzHc,2023-06-10T05:55:43.657045+00:00
Restaurants,449,5A5 - closed,6.182116788321168,"San Francisco, CA",United States,Steakhouse,37.79289,'-122.3924135,https://www.google.com/maps/search/?api=1&query=5A5+-+closed&query_place_id=ChIJ8WWHCWCAhYARe-V1QBpRVAU,2023-06-10T05:36:04.961922+00:00
Restaurants,450,Mastro's Steakhouse,6.17007299270073,"Santa Clara, CA",United States,Steakhouse,37.3240922,'-121.9468833,https://www.google.com/maps/search/?api=1&query=Mastro%27s+Steakhouse&query_place_id=ChIJdXtW0R_Lj4ARue3Waz95LmQ,2024-01-10T22:25:24.845210+00:00
Restaurants,451,Farmhouse Kitchen Thai Cuisine,6.1580291970802925,"Menlo Park, CA",United States,Thai,37.4549056,'-122.1834202,https://www.google.com/maps/search/?api=1&query=Farmhouse+Kitchen+Thai+Cuisine&query_place_id=ChIJnemarm-lj4AR0SbnSCF4Czk,2023-06-11T00:30:01.376664+00:00
Coffee & tea,60,The Coffee Tree Roasters,6.15,"Pittsburgh, PA",United States,Coffee Shop,40.4512442,'-79.9327342,https://www.google.com/maps/search/?api=1&query=The+Coffee+Tree+Roasters&query_place_id=ChIJb9ShrhHyNIgR5gt3ZnhARJQ,2025-04-01T22:18:55.423393+00:00
Dessert,33,The Penny Ice Creamery,6.15,"Santa Cruz, CA",United States,Ice Cream,36.9747303,'-122.0278133,https://www.google.com/maps/search/?api=1&query=The+Penny+Ice+Creamery&query_place_id=ChIJbWiIsihAjoARAW0uteW0ixQ,2025-09-07T19:13:05.059406+00:00
Restaurants,452,Macarena Restaurant in Palo Alto,6.145985401459854,"Palo Alto, CA",United States,Spanish,37.4457937,'-122.1633847,https://www.google.com/maps/search/?api=1&query=Macarena+Restaurant+in+Palo+Alto&query_place_id=ChIJq2vyQB67j4ARBkHWA8vFNqU,2025-05-31T04:55:51.759949+00:00
Restaurants,453,"Petiscos ""Downtown""",6.133941605839416,"San Jose, CA",United States,Portuguese; Tapas,37.3300768,'-121.8862249,https://www.google.com/maps/search/?api=1&query=Petiscos+%22Downtown%22&query_place_id=ChIJY7fPGXjNj4ARq0505g0V3Ko,2025-06-04T01:38:29.622745+00:00
Restaurants,454,Fogo de Chão Brazilian Steakhouse,6.121897810218979,"Pittsburgh, PA",United States,Steakhouse; Brazilian,40.44074639999999,'-79.99834469999999,https://www.google.com/maps/search/?api=1&query=Fogo+de+Ch%C3%A3o+Brazilian+Steakhouse&query_place_id=ChIJVVUVbFfxNIgR7c7mF2aGn0Q,2025-02-18T00:43:43.067183+00:00
Restaurants,455,The Mediterranean Table,6.1098540145985405,"Pittsburgh, PA",United States,Mediterranean; Turkish; Greek,40.4333755,'-79.9232016,https://www.google.com/maps/search/?api=1&query=The+Mediterranean+Table&query_place_id=ChIJ77RBegDxNIgRVX9uqzQaClg,2024-10-05T23:56:29.737184+00:00
Restaurants,456,Alexander's Steakhouse,6.097810218978102,"Cupertino, CA",United States,American; Steakhouse; Asian Fusion,37.3234716,'-122.009817,https://www.google.com/maps/search/?api=1&query=Alexander%27s+Steakhouse&query_place_id=ChIJ38II9Ji1j4ARxUTIEfcTGx0,2023-12-26T04:01:58.356302+00:00
Restaurants,457,Sozai (Japanese Izakaya Ramen),6.085766423357665,"New York, NY",United States,Japanese; Izakaya; Ramen,40.7559647,'-73.980516,https://www.google.com/maps/search/?api=1&query=Sozai+%28Japanese+Izakaya+Ramen%29&query_place_id=ChIJkTzocyFZwokRcC3KmNEJm2Q,2025-01-27T17:47:57.750343+00:00
Restaurants,458,Nobu Palo Alto,6.073722627737227,"Palo Alto, CA",United States,Japanese; Sushi; Peruvian,37.44371930000001,'-122.1614703,https://www.google.com/maps/search/?api=1&query=Nobu+Palo+Alto&query_place_id=ChIJIxzPPjq7j4ARKDndKncRuwU,2023-06-10T05:35:03.257212+00:00
Restaurants,459,Beijing BBQ,6.0616788321167885,"Cupertino, CA",United States,Chinese; Barbecue,37.3372018,'-122.0403033,https://www.google.com/maps/search/?api=1&query=Beijing+BBQ&query_place_id=ChIJxbVMAQC1j4ARgn4Q68Jr3bo,2024-06-08T19:08:22.594235+00:00
Restaurants,460,XPP Claypot (XiaoPoPo/肖婆婆砂锅),6.04963503649635,"Cupertino, CA",United States,Asian; Chinese,37.3226107,'-122.0405443,https://www.google.com/maps/search/?api=1&query=XPP+Claypot+%28XiaoPoPo%2F%E8%82%96%E5%A9%86%E5%A9%86%E7%A0%82%E9%94%85%29&query_place_id=ChIJVV-QNBC1j4ARjQ8yQ1J10Ao,2026-05-03T05:12:01.131331+00:00
Bakeries,21,Pink Box Bakery Cafe,6.04,"Pittsburgh, PA",United States,Bakery; Taiwanese,40.4334541,'-79.9231673,https://www.google.com/maps/search/?api=1&query=Pink+Box+Bakery+Cafe&query_place_id=ChIJa2ZLkf7xNIgR0T4Mb28ngVY,2024-10-08T19:51:39.944030+00:00
Restaurants,461,Şahin Lokantası,6.037591240875913,İstanbul,Türkiye,Turkish,41.0306139,28.9747417,https://www.google.com/maps/search/?api=1&query=%C5%9Eahin+Lokantas%C4%B1&query_place_id=ChIJDX6QZeC5yhQRZevREJRWXpM,2023-06-10T23:51:18.946807+00:00
Restaurants,462,Boeufhaus,6.025547445255475,"Chicago, IL",United States,French; German; Steakhouse,41.89985619999999,'-87.6872841,https://www.google.com/maps/search/?api=1&query=Boeufhaus&query_place_id=ChIJlSdbcbLSD4gRx8v43uAT3Cc,2024-04-17T20:51:56.873881+00:00
Restaurants,463,Mingalaba Restaurant,6.0135036496350365,"Burlingame, CA",United States,Burmese,37.5788556,'-122.3464861,https://www.google.com/maps/search/?api=1&query=Mingalaba+Restaurant&query_place_id=ChIJiahRlPGdj4ARJjeUd2mmutU,2024-05-16T08:53:56.468051+00:00
Restaurants,464,Coastal Kitchen,6.001459854014599,"Monterey, CA",United States,Californian,36.6121333,'-121.8979275,https://www.google.com/maps/search/?api=1&query=Coastal+Kitchen&query_place_id=ChIJC77s1v3ljYARCXobJ7SD1gQ,2026-06-12T16:12:52.978767+00:00
Restaurants,465,Cafe Moulin,5.989416058394161,"Pittsburgh, PA",United States,Crepes; French; Breakfast,40.451686,'-79.9332924,https://www.google.com/maps/search/?api=1&query=Cafe+Moulin&query_place_id=ChIJw5DqBxHyNIgRFODaRgikWLg,2025-01-27T17:53:56.247842+00:00
Restaurants,466,Ratskeller München,5.977372262773723,Munich,Germany,German,48.137397,11.5760462,https://www.google.com/maps/search/?api=1&query=Ratskeller+M%C3%BCnchen&query_place_id=ChIJj-sb1op1nkcRSsLJeqIkhOo,2024-07-08T23:01:39.480219+00:00
Coffee & tea,61,Mi Tea,5.966666666666667,"New York, NY",United States,Bubble Tea,40.7296731,'-74.0009312,https://www.google.com/maps/search/?api=1&query=Mi+Tea&query_place_id=ChIJb5CuP-5ZwokRl52wi6Xyf8g,2025-03-09T03:45:49.808334+00:00
Restaurants,467,Icelandic Street Food,5.9653284671532845,Reykjavík,Iceland,Scandinavian,64.1463661,'-21.9378766,https://www.google.com/maps/search/?api=1&query=Icelandic+Street+Food&query_place_id=ChIJVxyfYC0L1kgRT5xxsk6z3kg,2024-10-13T14:52:25.597167+00:00
Restaurants,468,Istanbul kebab & grill török étterem,5.953284671532847,Budapest,Hungary,Kebab,47.501886,19.0506191,https://www.google.com/maps/search/?api=1&query=Istanbul+kebab+%26+grill+t%C3%B6r%C3%B6k+%C3%A9tterem&query_place_id=ChIJV6gz_RTcQUcRC-aD6vPG30Y,2024-07-08T22:54:02.099907+00:00
Restaurants,469,Seor Ak San,5.941240875912409,"Toronto, ON",Canada,Korean,43.66409979999999,'-79.4169989,https://www.google.com/maps/search/?api=1&query=Seor+Ak+San&query_place_id=ChIJYbgdTLY1K4gRy5EeWSnd1G8,2024-07-11T21:24:15.812136+00:00
Restaurants,470,Yunshang Rice Noodle (Downtown Toronto),5.929197080291971,"Toronto, ON",Canada,Noodles,43.6536819,'-79.39503719999999,https://www.google.com/maps/search/?api=1&query=Yunshang+Rice+Noodle+%28Downtown+Toronto%29&query_place_id=ChIJTxXHSMQ0K4gRSO2fxcCERcg,2024-02-18T19:32:56.635531+00:00
Restaurants,471,Yin Du Wonton Noodle,5.917153284671533,"San Francisco, CA",United States,Cantonese; Noodles,37.7970482,'-122.4064637,https://www.google.com/maps/search/?api=1&query=Yin+Du+Wonton+Noodle&query_place_id=ChIJY5BXhfSAhYARTDkytTaTdts,2026-06-29T01:50:02.108827+00:00
Restaurants,472,Nepa Indian Cuisine,5.905109489051095,"San Francisco, CA",United States,Nepalese; Indian,37.7743734,'-122.4379874,https://www.google.com/maps/search/?api=1&query=Nepa+Indian+Cuisine&query_place_id=ChIJx4-xmkOBhYARbDG4-Euo9d8,2025-12-15T02:13:28.033628+00:00
Restaurants,473,Yamo,5.893065693430657,"San Francisco, CA",United States,Burmese,37.762001,'-122.4196282,https://www.google.com/maps/search/?api=1&query=Yamo&query_place_id=ChIJWdqFtzx-j4ARmbqOHjZACP4,2025-06-05T03:38:08.522574+00:00
Restaurants,474,Yang Shu Ten,5.88102189781022,Niseko,Japan,Japanese,42.84552,140.6832401,https://www.google.com/maps/search/?api=1&query=Yang+Shu+Ten&query_place_id=ChIJxVQGvuuvCl8RIYrJqUEzamY,2025-01-08T01:57:49.955314+00:00
Bars,23,The Empire Rooftop,5.875,"New York, NY",United States,Bar,40.7713523,'-73.9826783,https://www.google.com/maps/search/?api=1&query=The+Empire+Rooftop&query_place_id=ChIJuXQtkvVYwokRRboH64ZuddM,2025-01-27T17:50:47.870702+00:00
Restaurants,475,Mazala Pizza River North,5.868978102189781,"Chicago, IL",United States,Pizza; Indian,41.8950167,'-87.6310175,https://www.google.com/maps/search/?api=1&query=Mazala+Pizza+River+North&query_place_id=ChIJ0SaixZjTD4gREOgkzu2aQ7w,2025-03-09T03:44:41.973930+00:00
Restaurants,476,Zazang Korean Noodles,5.856934306569343,"San Francisco, CA",United States,Korean; Noodles,37.783203,'-122.441884,https://www.google.com/maps/search/?api=1&query=Zazang+Korean+Noodles&query_place_id=ChIJ8dtY6LWAhYARPUM15esk7rc,2026-02-08T22:27:39.532254+00:00
Restaurants,477,Zest Food shabu shabu 真味回转小火锅,5.844890510948906,"Cupertino, CA",United States,Chinese,37.3111349,'-122.0240945,https://www.google.com/maps/search/?api=1&query=Zest+Food+shabu+shabu+%E7%9C%9F%E5%91%B3%E5%9B%9E%E8%BD%AC%E5%B0%8F%E7%81%AB%E9%94%85&query_place_id=ChIJheftktS1j4ARDzNhIQj4hmk,2024-06-26T02:46:38.616942+00:00
Restaurants,478,Marugame Udon,5.8328467153284675,"Cupertino, CA",United States,Japanese; Noodles; Udon,37.3226239,'-122.0344936,https://www.google.com/maps/search/?api=1&query=Marugame+Udon&query_place_id=ChIJBdWW0MC1j4ARWxXDEYq2HLw,2023-12-26T04:00:49.210887+00:00
Restaurants,479,Pauli's,5.820802919708029,"Boston, MA",United States,Sandwiches; Seafood; Italian,42.3633174,'-71.0559772,https://www.google.com/maps/search/?api=1&query=Pauli%27s&query_place_id=ChIJY2a5LY9w44kRZxA0x_pkyk0,2024-04-19T19:11:32.891627+00:00
Restaurants,480,Pausa Bar & Cookery,5.808759124087591,"San Mateo, CA",United States,Italian,37.5647072,'-122.321999,https://www.google.com/maps/search/?api=1&query=Pausa+Bar+%26+Cookery&query_place_id=ChIJjcw0nnqej4ARvrndVxyQY60,2025-09-07T19:12:02.795414+00:00
Restaurants,481,Terún,5.796715328467154,"Palo Alto, CA",United States,Italian; Pizza,37.42592049999999,'-122.1454743,https://www.google.com/maps/search/?api=1&query=Ter%C3%BAn&query_place_id=ChIJtXQ38-W6j4AR44dFBS3v120,2025-09-07T19:16:59.771734+00:00
Restaurants,482,Che Fico Parco Menlo,5.7846715328467155,"Menlo Park, CA",United States,Italian,37.4553276,'-122.1857749,https://www.google.com/maps/search/?api=1&query=Che+Fico+Parco+Menlo&query_place_id=ChIJC4JvtdKlj4ARf747hSEVuyo,2024-01-06T06:29:25.461311+00:00
Coffee & tea,62,Lava Bakery and Coffee,5.783333333333333,Vik,Iceland,Coffee Shop,63.417314,'-18.9991741,https://www.google.com/maps/search/?api=1&query=Lava+Bakery+and+Coffee&query_place_id=ChIJL41zmEhK10gR9p4sz9Xpzrk,2024-10-14T16:27:19.935757+00:00
Restaurants,483,LuLu's on Main Street,5.772627737226277,"Los Altos, CA",United States,Mexican,37.3792462,'-122.1148341,https://www.google.com/maps/search/?api=1&query=LuLu%27s+on+Main+Street&query_place_id=ChIJ-Sw3qu-wj4ARKXxAJiK8Db4,2023-12-26T07:29:13.760442+00:00
Restaurants,484,LuLu's Town & Country Village,5.76058394160584,"Palo Alto, CA",United States,Mexican,37.43827859999999,'-122.1602677,https://www.google.com/maps/search/?api=1&query=LuLu%27s+Town+%26+Country+Village&query_place_id=ChIJHz4XFiW7j4AR2-XMc9X0J6I,2023-12-26T07:28:56.498221+00:00
Restaurants,485,Pizzeria Delfina - Palo Alto,5.748540145985402,"Palo Alto, CA",United States,Italian; Pizza,37.4434222,'-122.1604222,https://www.google.com/maps/search/?api=1&query=Pizzeria+Delfina+-+Palo+Alto&query_place_id=ChIJCS_HTDq7j4ARskXdL5usfsU,2026-02-01T17:44:04.132526+00:00
Restaurants,486,Casa Mia Restaurant,5.7364963503649635,"Mountain View, CA",United States,Breakfast; Mexican,37.4142988,'-122.0991715,https://www.google.com/maps/search/?api=1&query=Casa+Mia+Restaurant&query_place_id=ChIJCza2IjC7j4ARf8iQuWMrTHw,2025-10-07T18:17:30.790245+00:00
Restaurants,487,Hakodate Dining GAYA,5.724452554744525,Hokkaido,Japan,Japanese; Izakaya,41.7724904,140.7261475,https://www.google.com/maps/search/?api=1&query=Hakodate+Dining+GAYA&query_place_id=ChIJfSCK4qHznl8Rsub932KwyjQ,2025-01-04T05:13:36.388321+00:00
Restaurants,488,L'Osteria Salzburg,5.712408759124088,Salzburg,Austria,Pizza; Italian,47.8025564,13.0449492,https://www.google.com/maps/search/?api=1&query=L%27Osteria+Salzburg&query_place_id=ChIJG0PrbWOQdkcRWpNgCkemPqQ,2024-07-08T23:00:00.022831+00:00
Restaurants,489,Piero's Corner,5.70036496350365,"Herndon, VA",United States,Italian,38.9089771,'-77.40756619999999,https://www.google.com/maps/search/?api=1&query=Piero%27s+Corner&query_place_id=ChIJ6SN9LEJGtokRg294ywjbWkQ,2025-05-14T22:56:04.514241+00:00
Restaurants,490,Pompa,5.6883211678832115,Amsterdam,Netherlands,Italian,52.3581089,4.877946400000001,https://www.google.com/maps/search/?api=1&query=Pompa&query_place_id=ChIJHQ7cP-UJxkcRuTSp9JwedXc,2024-08-15T03:26:28.083475+00:00
Restaurants,491,Portola Bistro,5.676277372262774,"Portola Valley, CA",United States,French; Italian,37.40235189999999,'-122.1931182,https://www.google.com/maps/search/?api=1&query=Portola+Bistro&query_place_id=ChIJKca9GwClj4AR8kH7ovjMO_s,2024-12-16T20:21:03.696560+00:00
Restaurants,492,Duo's,5.664233576642336,"Pittsburgh, PA",United States,Mexican; Taqueria,40.4618256,'-79.92658589999999,https://www.google.com/maps/search/?api=1&query=Duo%27s&query_place_id=ChIJ2U961ErzNIgR_Q6HvAae7_s,2024-11-05T19:52:19.504527+00:00
Restaurants,493,Meccha Matcha,5.652189781021898,"Pittsburgh, PA",United States,Dessert; Matcha; Coffee Shop,40.43456559999999,'-79.9230317,https://www.google.com/maps/search/?api=1&query=Meccha+Matcha&query_place_id=ChIJQT6cOMPxNIgROHFELNLuq6g,2024-12-16T20:23:58.949035+00:00
Restaurants,494,Mountain Mike's Pizza,5.64014598540146,"Palo Alto, CA",United States,Pizza,37.4189738,'-122.1101786,https://www.google.com/maps/search/?api=1&query=Mountain+Mike%27s+Pizza&query_place_id=ChIJxWMIsW26j4ARP3JAJRibIWg,2024-07-08T21:33:32.297719+00:00
Restaurants,495,Simmer & Steamer,5.628102189781022,"Palo Alto, CA",United States,Korean,37.4475699,'-122.1597595,https://www.google.com/maps/search/?api=1&query=Simmer+%26+Steamer&query_place_id=ChIJs-mASty7j4ARGnTRbfH7NBc,2025-09-09T04:20:06.999022+00:00
Restaurants,496,Cafe Reyes,5.616058394160584,"Point Reyes Station, CA",United States,Pizza,38.0667059,'-122.8045525,https://www.google.com/maps/search/?api=1&query=Cafe+Reyes&query_place_id=ChIJgx5wE4HGhYARCVyeAMbXlX0,2025-06-27T01:21:24.868468+00:00
Restaurants,497,Tilak Indian and Nepalese Cuisine,5.604014598540147,"Menlo Park, CA",United States,Indian,37.4521978,'-122.1837068,https://www.google.com/maps/search/?api=1&query=Tilak+Indian+and+Nepalese+Cuisine&query_place_id=ChIJ9c2m3eelj4ARXFWyLXrjbDo,2025-05-14T22:59:20.831474+00:00
Coffee & tea,63,Cafe Venetia,5.6000000000000005,"Palo Alto, CA",United States,Coffee Shop,37.4474922,'-122.1603798,https://www.google.com/maps/search/?api=1&query=Cafe+Venetia&query_place_id=ChIJkb6X_zi7j4ARKwExaaqqq2A,2024-07-08T21:51:41.729298+00:00
Dessert,34,Lake Hill Farm,5.6000000000000005,Toyako,Japan,Dessert; Gelato,42.6155325,140.7864909,https://www.google.com/maps/search/?api=1&query=Lake+Hill+Farm&query_place_id=ChIJt84zVDJWdV8RiDubucSznAM,2025-01-03T03:36:03.536157+00:00
Restaurants,498,Darbar Indian Cuisine,5.591970802919708,"Palo Alto, CA",United States,Indian,37.4447819,'-122.1651027,https://www.google.com/maps/search/?api=1&query=Darbar+Indian+Cuisine&query_place_id=ChIJe4kIFje7j4ARqb6yVqdp0tU,2024-06-18T20:19:03.558097+00:00
Restaurants,499,Curry Pizza House Palo Alto & Bar,5.57992700729927,"Palo Alto, CA",United States,Pizza; Indian,37.4461192,'-122.1610784,https://www.google.com/maps/search/?api=1&query=Curry+Pizza+House+Palo+Alto+%26+Bar&query_place_id=ChIJSwaMPEq7j4ARrdiph55BO04,2024-06-13T21:20:03.365180+00:00
Restaurants,500,Mineo's Pizza House,5.567883211678833,"Pittsburgh, PA",United States,Pizza,40.4329467,'-79.9232083,https://www.google.com/maps/search/?api=1&query=Mineo%27s+Pizza+House&query_place_id=ChIJPUJMmf7xNIgRGE-k0pnaxro,2024-02-23T05:31:03.022865+00:00
Restaurants,501,California Pizza Kitchen at Stanford Shopping Center,5.555839416058395,"Palo Alto, CA",United States,Pizza,37.4432828,'-122.1721584,https://www.google.com/maps/search/?api=1&query=California+Pizza+Kitchen+at+Stanford+Shopping+Center&query_place_id=ChIJk0D3rDq7j4ARkaIbjSwtvI8,2024-05-17T23:36:06.298184+00:00
Restaurants,502,Spoon Korean Bistro,5.543795620437956,"Fremont, CA",United States,Korean,37.4913763,'-121.9297966,https://www.google.com/maps/search/?api=1&query=Spoon+Korean+Bistro&query_place_id=ChIJL-K5pVzGj4ARc5aMxm_m51Q,2023-06-29T01:44:56.073899+00:00
Restaurants,503,The Boiling Crab,5.531751824817518,"San Jose, CA",United States,Cajun; Seafood,37.3064639,'-121.8124225,https://www.google.com/maps/search/?api=1&query=The+Boiling+Crab&query_place_id=ChIJ6yFxSIAyjoARM0-xhtcdrXI,2023-06-11T01:05:02.682507+00:00
Restaurants,504,Galpão Gaucho Brazilian Steakhouse,5.519708029197081,"Cupertino, CA",United States,Brazilian; Grill,37.3226027,'-122.0192978,https://www.google.com/maps/search/?api=1&query=Galp%C3%A3o+Gaucho+Brazilian+Steakhouse&query_place_id=ChIJ4x9UGqG1j4ARjgyZdqgBPdg,2023-06-11T00:21:22.792113+00:00
Restaurants,505,The Sea by Alexander's Steakhouse,5.507664233576643,"Palo Alto, CA",United States,Seafood; Steakhouse,37.4075646,'-122.1205417,https://www.google.com/maps/search/?api=1&query=The+Sea+by+Alexander%27s+Steakhouse&query_place_id=ChIJOT4Wp3m6j4ARL_3gCaC-HJ0,2023-06-11T00:23:41.422172+00:00
Restaurants,506,Z & Y Restaurant,5.495620437956204,"San Francisco, CA",United States,Chinese; Szechuan,37.7960301,'-122.4060612,https://www.google.com/maps/search/?api=1&query=Z+%26+Y+Restaurant&query_place_id=ChIJmevPu_SAhYARMmQlHRt_Rj4,2023-07-05T22:50:55.764110+00:00
Restaurants,507,Limón,5.483576642335766,"Burlingame, CA",United States,Peruvian; Latin American; Chicken,37.5795444,'-122.3454031,https://www.google.com/maps/search/?api=1&query=Lim%C3%B3n&query_place_id=ChIJU0mV-vGdj4ARTvs5m0l5JYc,2024-05-16T08:58:11.091504+00:00
Restaurants,508,La Mar Cocina Peruana,5.471532846715329,"San Francisco, CA",United States,Peruvian; Seafood,37.7971645,'-122.3953359,https://www.google.com/maps/search/?api=1&query=La+Mar+Cocina+Peruana&query_place_id=ChIJURDKN2eAhYARN0AMzUEaiKo,2025-11-09T02:30:07.333866+00:00
Restaurants,509,Zeni,5.459489051094891,"San Jose, CA",United States,Ethiopian,37.3002667,'-121.9805809,https://www.google.com/maps/search/?api=1&query=Zeni&query_place_id=ChIJaw-TM7DKj4ARKdA9XRac6Cw,2025-07-17T18:31:55.903382+00:00
Restaurants,510,Aqua Boil,5.447445255474452,"New York, NY",United States,Seafood,40.7637639,'-73.9885489,https://www.google.com/maps/search/?api=1&query=Aqua+Boil&query_place_id=ChIJyR90JKxZwokRZc9iRIEIs3w,2025-03-07T03:11:07.994549+00:00
Restaurants,511,Café Savoy,5.435401459854015,Prague,Czechia,Brunch; Cafe; Czech,50.080972,14.4072993,https://www.google.com/maps/search/?api=1&query=Caf%C3%A9+Savoy&query_place_id=ChIJL8LeE_uUC0cRj_E1IjqlnKc,2023-06-11T00:13:34.026209+00:00
Restaurants,512,Wise Sons Jewish Deli,5.423357664233577,"San Francisco, CA",United States,Delicatessen,37.7773034,'-122.4249872,https://www.google.com/maps/search/?api=1&query=Wise+Sons+Jewish+Deli&query_place_id=ChIJdYa7Y6KAhYARFMLxZvWvkhM,2026-03-01T21:49:25.946064+00:00
Coffee & tea,64,Blue Bottle Coffee,5.416666666666667,"New York, NY",United States,Coffee Shop; Coffee,40.7793334,'-73.9808776,https://www.google.com/maps/search/?api=1&query=Blue+Bottle+Coffee&query_place_id=ChIJZc9tZZ5ZwokROjH1Y6Dtu8s,2025-03-07T03:13:39.497046+00:00
Restaurants,513,Papelón Venezuelan Arepa Bar,5.411313868613139,"Pittsburgh, PA",United States,Venezuelan,40.4352858,'-79.9226983,https://www.google.com/maps/search/?api=1&query=Papel%C3%B3n+Venezuelan+Arepa+Bar&query_place_id=ChIJx8-wQdzxNIgRkbReNVtFhdk,2026-03-30T01:32:07.918070+00:00
Restaurants,514,Hunan Bar,5.399270072992701,"Pittsburgh, PA",United States,Chinese,40.440277,'-79.956353,https://www.google.com/maps/search/?api=1&query=Hunan+Bar&query_place_id=ChIJLSVQY4fxNIgRMAPUHHWIggE,2024-09-16T13:20:22.299555+00:00
Restaurants,515,Hunan Mifen 小香牛骨米粉,5.387226277372263,"San Jose, CA",United States,Noodles,37.3191495,'-121.9747155,https://www.google.com/maps/search/?api=1&query=Hunan+Mifen+%E5%B0%8F%E9%A6%99%E7%89%9B%E9%AA%A8%E7%B1%B3%E7%B2%89&query_place_id=ChIJKUTZF__Lj4ARYIlrva-tWnE,2024-05-16T08:10:28.794724+00:00
Bakeries,22,Au Bon Pain,5.38,"Pittsburgh, PA",United States,Bakery,40.4439197,'-79.9423267,https://www.google.com/maps/search/?api=1&query=Au+Bon+Pain&query_place_id=ChIJn5pnWB_yNIgR9toCB8xF8gk,2024-01-16T21:30:10.924954+00:00
Restaurants,516,Samkomuhúsið Arnarstapa,5.375182481751825,Arnarstapi,Iceland,Scandinavian,64.7673909,'-23.6299633,https://www.google.com/maps/search/?api=1&query=Samkomuh%C3%BAsi%C3%B0+Arnarstapa&query_place_id=ChIJGcVv3MWAKkkRXNhO7em8odw,2024-10-15T13:57:58.847588+00:00
Restaurants,517,Los Altos Grill,5.3631386861313874,"Los Altos, CA",United States,American; Californian; Southwestern,37.3782219,'-122.1148581,https://www.google.com/maps/search/?api=1&query=Los+Altos+Grill&query_place_id=ChIJWUOqde-wj4ARvFRj5XeG0CY,2023-12-26T07:24:47.470313+00:00
Restaurants,518,Le Papillon,5.351094890510949,"San Jose, CA",United States,French,37.3197333,'-121.9722722,https://www.google.com/maps/search/?api=1&query=Le+Papillon&query_place_id=ChIJcT_OepPKj4AR0C1KDFJw_U0,2024-05-16T08:49:57.520771+00:00
Restaurants,519,Warehouse Buffet,5.339051094890511,"Foster City, CA",United States,Hot Pot; Korean; Chinese,37.5436982,'-122.2703909,https://www.google.com/maps/search/?api=1&query=Warehouse+Buffet&query_place_id=ChIJw6DBTimfj4AR824v6qKBrH0,2024-07-05T19:00:26.652787+00:00
Restaurants,520,Yu Noodle 愚小面,5.327007299270074,"Cupertino, CA",United States,Chinese; Noodles,37.3360321,'-122.0154158,https://www.google.com/maps/search/?api=1&query=Yu+Noodle+%E6%84%9A%E5%B0%8F%E9%9D%A2&query_place_id=ChIJt-HdUam1j4ARZlx9CHuqpoI,2024-07-03T20:26:18.448813+00:00
Restaurants,521,hómee KITCHEN,5.314963503649635,Taipei City,Taiwan,,25.064188,121.55346,https://www.google.com/maps/search/?api=1&query=h%C3%B3mee+KITCHEN&query_place_id=ChIJuZ0_ZfGrQjQRhmg3KNDg0V8,2024-05-15T11:36:31.733683+00:00
Restaurants,522,Reykjavík Fish Restaurant,5.302919708029197,Reykjavík,Iceland,Seafood,64.145868,'-21.9326605,https://www.google.com/maps/search/?api=1&query=Reykjav%C3%ADk+Fish+Restaurant&query_place_id=ChIJ_djFWiV11kgR2fr6acYqcwY,2024-10-13T20:05:00.470075+00:00
Restaurants,523,Dough Zone Dumpling House Cupertino,5.29087591240876,"Cupertino, CA",United States,Chinese; Dumplings,37.3253685,'-122.0116903,https://www.google.com/maps/search/?api=1&query=Dough+Zone+Dumpling+House+Cupertino&query_place_id=ChIJxw4ZHzG1j4ARxpDmjdv6Oi4,2024-07-08T23:27:38.583561+00:00
Restaurants,524,Grand Harbor Seafood and Dimsum Restaurant,5.278832116788322,"Burlingame, CA",United States,Asian; Cantonese; Chinese; Dim Sum; Seafood,37.5977417,'-122.3640139,https://www.google.com/maps/search/?api=1&query=Grand+Harbor+Seafood+and+Dimsum+Restaurant&query_place_id=ChIJfeqH2ix2j4ARAKT_kBQtKCc,2024-05-16T08:50:35.767302+00:00
Restaurants,525,Rustic House Oyster Bar & Grill - Los Altos,5.266788321167883,"Los Altos, CA",United States,American; Seafood,37.378285,'-122.1164972,https://www.google.com/maps/search/?api=1&query=Rustic+House+Oyster+Bar+%26+Grill+-+Los+Altos&query_place_id=ChIJ5TATx--wj4ARZdlFK-M2_O4,2023-12-26T07:24:59.818908+00:00
Restaurants,526,Lazy Dog Restaurant & Bar,5.254744525547445,"Cupertino, CA",United States,American,37.3233964,'-122.0086335,https://www.google.com/maps/search/?api=1&query=Lazy+Dog+Restaurant+%26+Bar&query_place_id=ChIJAb33GUS0j4ARjGKbpYi5jR4,2023-06-12T04:29:28.492479+00:00
Restaurants,527,The Old Fashioned,5.242700729927007,"Madison, WI",United States,American; Midwestern,43.07625349999999,'-89.38370069999999,https://www.google.com/maps/search/?api=1&query=The+Old+Fashioned&query_place_id=ChIJHxgqqEBTBogRJLOAk9gWpBg,2023-06-10T06:00:36.945234+00:00
Coffee & tea,65,Harry's Table by Cipriani,5.233333333333333,"New York, NY",United States,Italian,40.77306129999999,'-73.99107699999999,https://www.google.com/maps/search/?api=1&query=Harry%27s+Table+by+Cipriani&query_place_id=ChIJg6F7BENZwokRjyqiEBfZIdw,2025-01-27T17:45:50.744423+00:00
Restaurants,528,Phở Vi Hoa,5.23065693430657,"Los Altos, CA",United States,Pho; Vietnamese,37.40121060000001,'-122.114563,https://www.google.com/maps/search/?api=1&query=Ph%E1%BB%9F+Vi+Hoa&query_place_id=ChIJc5kBeZuwj4AR5MSKHQl28rk,2023-06-11T00:40:57.060976+00:00
Restaurants,529,State of Mind Slice House,5.218613138686131,"Palo Alto, CA",United States,Pizza,37.41718769999999,'-122.1313804,https://www.google.com/maps/search/?api=1&query=State+of+Mind+Slice+House&query_place_id=ChIJg5-D9Aq7j4ARGDDPZcQFjmg,2023-09-05T16:03:46.445864+00:00
Restaurants,530,小刘清粥 Taiwan Porridge-Cupertino,5.206569343065693,"Cupertino, CA",United States,Taiwanese; Chinese,37.3366236,'-122.0403966,https://www.google.com/maps/search/?api=1&query=%E5%B0%8F%E5%88%98%E6%B8%85%E7%B2%A5+Taiwan+Porridge-Cupertino&query_place_id=ChIJT0ZlmjS0j4ARobThj0Ev1b8,2023-12-26T04:03:25.861221+00:00
Restaurants,531,Old Port Lobster Shack,5.194525547445256,"Portola Valley, CA",United States,American; New England; Seafood,37.4015821,'-122.1933555,https://www.google.com/maps/search/?api=1&query=Old+Port+Lobster+Shack&query_place_id=ChIJx9QRnkClj4ARQeTS-Ydrk2o,2024-07-08T23:29:20.668808+00:00
Restaurants,532,Il Borgo,5.182481751824818,"San Francisco, CA",United States,Pizza,37.7756236,'-122.4262388,https://www.google.com/maps/search/?api=1&query=Il+Borgo&query_place_id=ChIJj61NN6KAhYARMWDXrggZTH8,2026-08-03T05:03:13.976194+00:00
Restaurants,533,Ramen Hiroshi San Francisco,5.170437956204379,"San Francisco, CA",United States,Ramen,37.7912059,'-122.4039351,https://www.google.com/maps/search/?api=1&query=Ramen+Hiroshi+San+Francisco&query_place_id=ChIJJVrYUwiBhYARxy7amzNRQT0,2026-03-30T01:35:52.085871+00:00
Restaurants,534,Tremigo Mexican Kitchen & Tequila Bar,5.158394160583942,"Olympic Valley, CA",United States,Mexican,39.1972331,'-120.2338386,https://www.google.com/maps/search/?api=1&query=Tremigo+Mexican+Kitchen+%26+Tequila+Bar&query_place_id=ChIJNZWzYfLZm4AR8nNgmh8Vg-g,2024-07-10T20:54:35.813490+00:00
Restaurants,535,BJ's Restaurant & Brewhouse,5.146350364963504,"Cupertino, CA",United States,American,37.33133169999999,'-122.0318142,https://www.google.com/maps/search/?api=1&query=BJ%27s+Restaurant+%26+Brewhouse&query_place_id=ChIJM75zpLa1j4ARd8IiWxkW30g,2024-06-26T02:27:32.136580+00:00
Restaurants,536,Joanie's Cafe,5.134306569343066,"Palo Alto, CA",United States,American; Cafe; Brunch,37.42638889999999,'-122.1445583,https://www.google.com/maps/search/?api=1&query=Joanie%27s+Cafe&query_place_id=ChIJK3g59OW6j4AR5Q5CCNShy3o,2023-12-26T03:55:57.161690+00:00
Restaurants,537,Fish With You鱼你在一起下饭酸菜鱼,5.122262773722628,"Mountain View, CA",United States,Asian; Chinese,37.3944742,'-122.0788173,https://www.google.com/maps/search/?api=1&query=Fish+With+You%E9%B1%BC%E4%BD%A0%E5%9C%A8%E4%B8%80%E8%B5%B7%E4%B8%8B%E9%A5%AD%E9%85%B8%E8%8F%9C%E9%B1%BC&query_place_id=ChIJbaA3enm3j4AR-zV5zEm9b2U,2025-08-29T16:04:33.299687+00:00
Restaurants,538,Viva Goa Indian Cuisine,5.11021897810219,"San Francisco, CA",United States,Indian,37.799322,'-122.441471,https://www.google.com/maps/search/?api=1&query=Viva+Goa+Indian+Cuisine&query_place_id=ChIJXbtPG9SAhYAReUqbC0-kzwY,2025-06-19T20:59:08.536792+00:00
Restaurants,539,Coconuts Caribbean Restaurant & Bar,5.098175182481752,"Palo Alto, CA",United States,Caribbean; Jamaican,37.443916,'-122.160191,https://www.google.com/maps/search/?api=1&query=Coconuts+Caribbean+Restaurant+%26+Bar&query_place_id=ChIJQ7QsMzq7j4ARidQmfZss-Wc,2024-06-18T06:33:50.698831+00:00
Restaurants,540,El Amigo Restaurant,5.0861313868613145,"San Jose, CA",United States,Mexican,37.2275134,'-121.7749289,https://www.google.com/maps/search/?api=1&query=El+Amigo+Restaurant&query_place_id=ChIJ75_iUqQvjoARZbYJte6at6Y,2024-07-08T23:31:39.029342+00:00
Restaurants,541,Friðheimar,5.074087591240876,Reykholt,Iceland,Vegetarian; Soups,64.177503,'-20.4448858,https://www.google.com/maps/search/?api=1&query=Fri%C3%B0heimar&query_place_id=ChIJu_eD4_uW1kgRr5VyF_fx5t4,2024-10-13T15:43:33.964713+00:00
Restaurants,542,Slice House Mountain View by Tony Gemignani,5.062043795620438,"Mountain View, CA",United States,Pizza,37.4042966,'-122.1102376,https://www.google.com/maps/search/?api=1&query=Slice+House+Mountain+View+by+Tony+Gemignani&query_place_id=ChIJ7XC5CwCxj4ARXg00Il4_MU4,2024-06-16T00:23:29.516065+00:00
Restaurants,543,Zhangliang Malatang,5.050000000000001,"Mountain View, CA",United States,Chinese,37.3933707,'-122.0796389,https://www.google.com/maps/search/?api=1&query=Zhangliang+Malatang&query_place_id=ChIJj7V2HaG3j4AR_dDZM_SSLPw,2024-06-23T03:18:57.267129+00:00
Coffee & tea,66,Caffé Mona Strip District,5.050000000000001,"Pittsburgh, PA",United States,Breakfast; Brunch,40.4515828,'-79.9836576,https://www.google.com/maps/search/?api=1&query=Caff%C3%A9+Mona+Strip+District&query_place_id=ChIJK5FS3QnzNIgRTM2lvVKzHrA,2025-05-14T23:06:59.243681+00:00
Dessert,35,Sul & Beans,5.050000000000001,"Cupertino, CA",United States,Dessert; Korean,37.3246738,'-122.0105197,https://www.google.com/maps/search/?api=1&query=Sul+%26+Beans&query_place_id=ChIJCbJ8Oi-1j4ARrH2Bsc4Ifr4,2024-06-10T06:58:30.426454+00:00
Bars,24,Afterwork Bar,5.050000000000001,"San Francisco, CA",United States,Bar; Bar Food,37.7770716,'-122.423167,https://www.google.com/maps/search/?api=1&query=Afterwork+Bar&query_place_id=ChIJi-k0_oKBhYARgPlbcExFlU4,2026-07-06T02:17:12.016316+00:00
Restaurants,544,O2 Valley,5.037956204379562,"Palo Alto, CA",United States,Taiwanese; Bubble Tea,37.4476055,'-122.1595835,https://www.google.com/maps/search/?api=1&query=O2+Valley&query_place_id=ChIJweDvIRm7j4AR8IWnMD_jNrI,2024-06-15T02:15:24.207507+00:00
Restaurants,545,四姐 Special Noodle,5.025912408759124,"San Jose, CA",United States,Noodles; Chinese; Dim Sum,37.29638300000001,'-122.0317905,https://www.google.com/maps/search/?api=1&query=%E5%9B%9B%E5%A7%90+Special+Noodle&query_place_id=ChIJlXzVrQq1j4AROBxdxy3-JqA,2023-12-24T03:34:47.117424+00:00
Restaurants,546,YuShang Hot Pot,5.013868613138686,"Vancouver, BC",Canada,Chinese; Hotpot,49.263169,'-123.125569,https://www.google.com/maps/search/?api=1&query=YuShang+Hot+Pot&query_place_id=ChIJZTVsS-dzhlQRLP_H3mGdYEc,2023-12-30T19:48:11.821452+00:00
Restaurants,547,Octo Restaurant,5.001824817518249,"New York, NY",United States,Chinese; Korean,40.7476419,'-73.98444649999999,https://www.google.com/maps/search/?api=1&query=Octo+Restaurant&query_place_id=ChIJo5Z8DuZZwokR0VamSWa1LwE,2025-03-07T03:04:45.969197+00:00
Restaurants,548,HE&C Tea + Pot,4.9897810218978105,"Palo Alto, CA",United States,Chinese; Hotpot,37.4439995,'-122.1620763,https://www.google.com/maps/search/?api=1&query=HE%26C+Tea+%2B+Pot&query_place_id=ChIJB6tydHK7j4ARMYHQSAGD5ig,2024-06-16T05:14:50.495627+00:00
Restaurants,549,Openaire,4.977737226277373,"Los Angeles, CA",United States,Californian,34.06208959999999,'-118.3011787,https://www.google.com/maps/search/?api=1&query=Openaire&query_place_id=ChIJD_h5Qti5woARUeDmRcmkWA4,2026-08-09T03:22:09.789639+00:00
Restaurants,550,Kura Revolving Sushi Bar,4.965693430656934,"Pittsburgh, PA",United States,Sushi,40.4279273,'-79.9650138,https://www.google.com/maps/search/?api=1&query=Kura+Revolving+Sushi+Bar&query_place_id=ChIJSSUIayHxNIgRfQuVRKouVKU,2025-01-04T05:21:33.711844+00:00
Restaurants,551,In-N-Out Burger,4.953649635036497,"Mountain View, CA",United States,Burgers; Fast Food,37.420941,'-122.0933529,https://www.google.com/maps/search/?api=1&query=In-N-Out+Burger&query_place_id=ChIJ5V-QXKiwj4ARv5e-BSB9fiA,2023-12-26T04:29:37.187622+00:00
Restaurants,552,Le Mont Restaurant,4.9416058394160585,"Pittsburgh, PA",United States,American; Grill; Steakhouse,40.437594,'-80.017692,https://www.google.com/maps/search/?api=1&query=Le+Mont+Restaurant&query_place_id=ChIJ06OQr6_2NIgRICqUO8vUW2s,2025-05-14T22:57:34.822765+00:00
Restaurants,553,STACKS Menlo Park,4.929562043795621,"Menlo Park, CA",United States,Diner; Sandwiches; Brunch,37.453456,'-122.183247,https://www.google.com/maps/search/?api=1&query=STACKS+Menlo+Park&query_place_id=ChIJ6ciMyq-kj4ARRLEgxqtHAjQ,2023-09-04T23:03:31.353724+00:00
Restaurants,554,Supreme Burger,4.917518248175183,Berlin,Germany,Burgers,52.52454299999999,13.3953252,https://www.google.com/maps/search/?api=1&query=Supreme+Burger&query_place_id=ChIJvYy9t-dRqEcRB8D5coC8Bco,2023-06-11T04:44:18.353464+00:00
Restaurants,555,Table Nineteen Whistler,4.905474452554745,"Whistler, BC",Canada,Pacific Northwest; Canadian,50.1427499,'-122.9478454,https://www.google.com/maps/search/?api=1&query=Table+Nineteen+Whistler&query_place_id=ChIJ1zkDJWc7h1QR1muNehXDMXk,2023-12-24T03:31:42.187195+00:00
Restaurants,556,Kebap 63,4.8934306569343065,Berlin,Germany,Kebab,52.5289156,13.3854062,https://www.google.com/maps/search/?api=1&query=Kebap+63&query_place_id=ChIJHbWud_RRqEcRRPZktxJB9-E,2023-06-11T04:46:12.529131+00:00
Restaurants,557,Víkinga Pylsur,4.881386861313869,Reykjavík,Iceland,Hot Dogs; Scandinavian; Nordic,64.1428179,'-21.9264475,https://www.google.com/maps/search/?api=1&query=V%C3%ADkinga+Pylsur&query_place_id=ChIJFd3oTpR11kgRDrZwrCfKJaI,2024-10-14T11:56:19.615128+00:00
Restaurants,558,Pho Vietnam Tuan & Lan,4.869343065693431,Prague,Czechia,Vietnamese,50.078446,14.4482725,https://www.google.com/maps/search/?api=1&query=Pho+Vietnam+Tuan+%26+Lan&query_place_id=ChIJg50UpJyUC0cRpZZ5nMwm-KQ,2025-09-14T21:29:38.428468+00:00
Coffee & tea,67,Reykjavik Roasters,4.866666666666667,Reykjavík,Iceland,Coffee Shop,64.1436111,'-21.9266667,https://www.google.com/maps/search/?api=1&query=Reykjavik+Roasters&query_place_id=ChIJbWl38sx01kgR1ZBsASao5zc,2024-10-13T14:58:09.074043+00:00
Restaurants,559,HALAL Chinese beef noodle restaurant,4.857299270072993,Taipei City,Taiwan,Taiwanese; Noodles,25.0377275,121.5669572,https://www.google.com/maps/search/?api=1&query=HALAL+Chinese+beef+noodle+restaurant&query_place_id=ChIJReo4NbqrQjQRkW3IaEAs4Jw,2024-05-14T22:25:08.932817+00:00
Restaurants,560,Turkish Kebab House,4.845255474452555,"Pittsburgh, PA",United States,Turkish; Middle Eastern,40.4381737,'-79.92219039999999,https://www.google.com/maps/search/?api=1&query=Turkish+Kebab+House&query_place_id=ChIJt-D2X5_zNIgRz9ps_RHI-Og,2024-02-23T05:29:00.429937+00:00
Restaurants,561,BAO (CMU),4.833211678832117,"Pittsburgh, PA",United States,Chinese; Dim Sum,40.445131,'-79.9490568,https://www.google.com/maps/search/?api=1&query=BAO+%28CMU%29&query_place_id=ChIJIX_iSMTzNIgRTGd19aWZ9SE,2023-12-08T15:54:03.854117+00:00
Restaurants,562,Juicy Dumpling in Chinatown,4.821167883211679,"Toronto, ON",Canada,Chinese; Dumplings,43.6525773,'-79.3987057,https://www.google.com/maps/search/?api=1&query=Juicy+Dumpling+in+Chinatown&query_place_id=ChIJqwg8BAA1K4gRGVOVcxx71Kw,2024-02-17T18:50:57.112525+00:00
Restaurants,563,Rose Tea Cafe Express,4.8091240875912415,"Pittsburgh, PA",United States,Taiwanese,40.4447528,'-79.9488509,https://www.google.com/maps/search/?api=1&query=Rose+Tea+Cafe+Express&query_place_id=ChIJlfRanibyNIgRcoAza6F4sdI,2023-09-02T19:10:47.494596+00:00
Restaurants,564,The Colombian Spot,4.797080291970803,"Pittsburgh, PA",United States,South American; Colombian; South American; Colombian,40.4405895,'-79.9585243,https://www.google.com/maps/search/?api=1&query=The+Colombian+Spot&query_place_id=ChIJHf2pVZTxNIgR4QKTat1XtxI,2025-04-08T06:23:27.493488+00:00
Restaurants,565,Shah's Halal Food,4.785036496350365,"Pittsburgh, PA",United States,Halal,40.4367301,'-79.954731,https://www.google.com/maps/search/?api=1&query=Shah%27s+Halal+Food&query_place_id=ChIJ7-9LLKPxNIgRrpO2_kcg7oY,2025-04-08T06:22:56.191602+00:00
Restaurants,566,Presidio Pizza Company,4.772992700729928,"San Francisco, CA",United States,Pizza,37.78700329999999,'-122.4400291,https://www.google.com/maps/search/?api=1&query=Presidio+Pizza+Company&query_place_id=ChIJFQHMOa-AhYARnfFStDNx8c8,2026-03-30T01:34:51.197912+00:00
Restaurants,567,Yoshinoya,4.7609489051094895,Sapporo,Japan,Japanese,43.06683,141.35,https://www.google.com/maps/search/?api=1&query=Yoshinoya&query_place_id=ChIJCQ5oTKwpC18RnlM4GNEnfwQ,2025-01-04T05:17:00.350394+00:00
Restaurants,568,Pizzeria Meyman,4.748905109489051,Berlin,Germany,,52.5135906,13.4535566,https://www.google.com/maps/search/?api=1&query=Pizzeria+Meyman&query_place_id=ChIJF2gwqF1OqEcRSNQpdSuxni4,2023-06-11T04:42:47.577485+00:00
Restaurants,569,Bar Turystyczny,4.736861313868614,Gdańsk,Poland,Polish,54.3517903,18.6502848,https://www.google.com/maps/search/?api=1&query=Bar+Turystyczny&query_place_id=ChIJ-1rpf3Vz_UYR0heeBLXzaLk,2023-06-11T04:37:11.704719+00:00
Restaurants,570,Little Corner Grill House 街边儿,4.724817518248175,"Pittsburgh, PA",United States,Chinese; Hot Pot,40.451923,'-79.952266,https://www.google.com/maps/search/?api=1&query=Little+Corner+Grill+House+%E8%A1%97%E8%BE%B9%E5%84%BF&query_place_id=ChIJ2Qzn1szzNIgRUXCSJWWgHts,2023-11-10T14:46:34.815681+00:00
Bakeries,23,Jane The Bakery,4.720000000000001,"San Francisco, CA",United States,Bakery,37.7837438,'-122.4342764,https://www.google.com/maps/search/?api=1&query=Jane+The+Bakery&query_place_id=ChIJgdfmyLmAhYARS6fhSFcVbcY,2026-07-30T07:33:57.345498+00:00
Restaurants,571,Restaurant Du Guesclin,4.7127737226277375,Mont Saint-Michel,France,French,48.6356352,'-1.5097588,https://www.google.com/maps/search/?api=1&query=Restaurant+Du+Guesclin&query_place_id=ChIJGVF5PmapDkgRVbZmnQd7fXg,2023-06-10T06:20:48.600940+00:00
Restaurants,572,Kintaro Ramen,4.700729927007299,"Vancouver, BC",Canada,Ramen; Japanese,49.2915486,'-123.1349856,https://www.google.com/maps/search/?api=1&query=Kintaro+Ramen&query_place_id=ChIJJYzxPohxhlQRFHN7EYdtbZE,2023-06-10T05:58:39.427747+00:00
Restaurants,573,Imm Thai Street Food,4.688686131386861,"Berkeley, CA",United States,Thai; Street Food,37.8718993,'-122.2691148,https://www.google.com/maps/search/?api=1&query=Imm+Thai+Street+Food&query_place_id=ChIJYx5P7J5-hYARctvMDW_ZVF8,2023-07-05T22:49:25.055838+00:00
Coffee & tea,68,Beluna Cafe,4.683333333333334,"San Francisco, CA",United States,Coffee Shop; Cafe,37.7728351,'-122.4389135,https://www.google.com/maps/search/?api=1&query=Beluna+Cafe&query_place_id=ChIJE2UhgIiBhYAR6Utjq6k01_k,2026-07-06T02:12:15.485593+00:00
Restaurants,574,Old Port Lobster Shack,4.676642335766424,"Redwood City, CA",United States,American; New England; Seafood,37.4578817,'-122.2286969,https://www.google.com/maps/search/?api=1&query=Old+Port+Lobster+Shack&query_place_id=ChIJO2YSLlKij4ARKMUannKCUgI,2024-07-08T23:28:43.786907+00:00
Restaurants,575,Myungrang Hot Dog 명랑핫도그,4.664598540145986,"Cupertino, CA",United States,Korean; Hot Dogs,37.3246175,'-122.0106471,https://www.google.com/maps/search/?api=1&query=Myungrang+Hot+Dog+%EB%AA%85%EB%9E%91%ED%95%AB%EB%8F%84%EA%B7%B8&query_place_id=ChIJtRWFnIS1j4ARtZoKd37epx4,2023-12-26T04:15:09.661157+00:00
Restaurants,576,MJ Sushi Palo Alto,4.652554744525547,"Palo Alto, CA",United States,Japanese; Sushi,37.4257573,'-122.1464411,https://www.google.com/maps/search/?api=1&query=MJ+Sushi+Palo+Alto&query_place_id=ChIJ1QZb_YW7j4ARtxp0qRa2n-o,2025-01-15T01:56:50.456077+00:00
Restaurants,577,Habit Burger & Grill,4.64051094890511,"Cupertino, CA",United States,American; Burgers,37.3231879,'-122.0353104,https://www.google.com/maps/search/?api=1&query=Habit+Burger+%26+Grill&query_place_id=ChIJf33kna21j4AREoE6zAKFwHY,2023-12-26T07:22:27.760315+00:00
Restaurants,578,Nan Xiang Soup Dumplings - Pittsburgh,4.628467153284672,"Pittsburgh, PA",United States,Chinese; Dumplings; Shanghainese,40.4272412,'-79.9648354,https://www.google.com/maps/search/?api=1&query=Nan+Xiang+Soup+Dumplings+-+Pittsburgh&query_place_id=ChIJHdQeTnzxNIgRMG7Df7vNwmQ,2025-09-27T05:24:27.646627+00:00
Restaurants,579,TANG BAR,4.6164233576642335,"San Mateo, CA",United States,Chinese; Fast Food; Street Food,37.562983,'-122.3237478,https://www.google.com/maps/search/?api=1&query=TANG+BAR&query_place_id=ChIJJUdl6f6fj4AR4IHK3vp6U6k,2025-09-16T21:16:44.888100+00:00
Restaurants,580,Dusita Thai Cuisine,4.604379562043796,"Santa Clara, CA",United States,Thai,37.3527372,'-121.9655264,https://www.google.com/maps/search/?api=1&query=Dusita+Thai+Cuisine&query_place_id=ChIJrdTs2EDKj4ARUgcxLvl_BmQ,2024-12-21T05:23:48.630364+00:00
Restaurants,581,Dagu Rice Noodle,4.592335766423358,"Pittsburgh, PA",United States,Noodles; Chinese,40.4382175,'-79.92186029999999,https://www.google.com/maps/search/?api=1&query=Dagu+Rice+Noodle&query_place_id=ChIJY8Gdq2_zNIgRAa39P2rQJc8,2025-09-22T00:54:37.340405+00:00
Restaurants,582,Pepper Space 川悦喆,4.58029197080292,"Pittsburgh, PA",United States,Chinese; Szechuan,40.4446784,'-79.9481909,https://www.google.com/maps/search/?api=1&query=Pepper+Space+%E5%B7%9D%E6%82%A6%E5%96%86&query_place_id=ChIJ7zxi8HvzNIgRxdRS3b-ZHlo,2024-09-10T01:14:04.523996+00:00
Restaurants,583,Pinocchio's Pizza & Subs,4.568248175182482,"Cambridge, MA",United States,Pizza; Italian; Sicilian,42.3719955,'-71.1202421,https://www.google.com/maps/search/?api=1&query=Pinocchio%27s+Pizza+%26+Subs&query_place_id=ChIJQ_pITl1344kR458emYJ5sso,2024-07-08T21:36:18.289887+00:00
Restaurants,584,Local Kitchens,4.556204379562044,"Cupertino, CA",United States,Food Court,37.3227139,'-122.0535399,https://www.google.com/maps/search/?api=1&query=Local+Kitchens&query_place_id=ChIJS61Rr3C1j4ARNNui-_ovkWs,2024-07-10T20:55:14.898312+00:00
Restaurants,585,Curry Up Now,4.544160583941606,"Palo Alto, CA",United States,Indian,37.44546,'-122.16021,https://www.google.com/maps/search/?api=1&query=Curry+Up+Now&query_place_id=ChIJaSemeTm7j4AR_Zs5k4tu6fU,2023-12-26T03:57:30.255241+00:00
Restaurants,586,IHOP,4.532116788321169,"Redwood City, CA",United States,American; Breakfast; National Chain,37.4954546,'-122.2348829,https://www.google.com/maps/search/?api=1&query=IHOP&query_place_id=ChIJRcUqgEWij4ARyR57zWLExWA,2023-12-26T03:51:00.340121+00:00
Restaurants,587,Keke Kebap & Kumpir Haus,4.5200729927007295,Dresden,Germany,Turkish,51.0674167,13.7501574,https://www.google.com/maps/search/?api=1&query=Keke+Kebap+%26+Kumpir+Haus&query_place_id=ChIJcRYE3T3PCUcRPblPikSiGgQ,2023-06-11T04:49:40.319319+00:00
Restaurants,588,Tasty Pizza,4.508029197080292,"Cupertino, CA",United States,Pizza,37.322608,'-122.0410608,https://www.google.com/maps/search/?api=1&query=Tasty+Pizza&query_place_id=ChIJUcKPO6i1j4ARuRy8JNTaoGM,2024-06-26T04:04:16.601114+00:00
Coffee & tea,69,Sidecar Coffee and Bake Shop,4.5,"Pittsburgh, PA",United States,Coffee Shop; Cafe,40.4499418,'-79.9506486,https://www.google.com/maps/search/?api=1&query=Sidecar+Coffee+and+Bake+Shop&query_place_id=ChIJQ1KqGzTzNIgRNShxpokRTgE,2024-09-29T01:49:56.530845+00:00
Dessert,36,Palo Alto Creamery,4.5,"Palo Alto, CA",United States,American; Diner,37.44387849999999,'-122.161789,https://www.google.com/maps/search/?api=1&query=Palo+Alto+Creamery&query_place_id=ChIJyaiRIjq7j4ARpFp0WP-WoNA,2024-06-19T22:51:52.365851+00:00
Restaurants,589,Onigilly Japanese Kitchen - Palo Alto,4.495985401459855,"Palo Alto, CA",United States,Japanese,37.4442218,'-122.163046,https://www.google.com/maps/search/?api=1&query=Onigilly+Japanese+Kitchen+-+Palo+Alto&query_place_id=ChIJz1CaiuS7j4ARJ0FvNTILUoo,2024-06-08T19:05:36.957787+00:00
Restaurants,590,U Pivrnce,4.483941605839417,Prague,Czechia,Czech,50.088354,14.418544,https://www.google.com/maps/search/?api=1&query=U+Pivrnce&query_place_id=ChIJk-Fn7uiUC0cRETi1s2bwOAk,2023-06-11T00:12:35.268373+00:00
Restaurants,591,The Melt,4.471897810218978,"Palo Alto, CA",United States,American; Burgers; Sandwiches,37.4430947,'-122.1725973,https://www.google.com/maps/search/?api=1&query=The+Melt&query_place_id=ChIJD9VYOzS7j4ARus4pfa0zkJU,2023-06-10T05:52:14.255518+00:00
Restaurants,592,Bean Bag Cafe,4.459854014598541,"San Francisco, CA",United States,Cafe,37.77514309999999,'-122.4380528,https://www.google.com/maps/search/?api=1&query=Bean+Bag+Cafe&query_place_id=ChIJe29bzK-AhYARBbTdJAwZD8Q,2024-06-10T06:57:18.171241+00:00
Restaurants,593,Garaje,4.447810218978102,"San Francisco, CA",United States,Burgers; Mexican; Tacos,37.7817989,'-122.3960425,https://www.google.com/maps/search/?api=1&query=Garaje&query_place_id=ChIJ6Z5t1n6AhYARaY_WxdP44r0,2026-02-08T20:07:52.997048+00:00
Restaurants,594,Aria Persian Cuisine & Turkish Grille,4.435766423357665,"Pittsburgh, PA",United States,Kebab; Mediterranean; Middle Eastern; Turkish,40.4521112,'-79.9506207,https://www.google.com/maps/search/?api=1&query=Aria+Persian+Cuisine+%26+Turkish+Grille&query_place_id=ChIJxW7K-jryNIgRnoy_fq22O7U,2024-10-10T17:27:41.929830+00:00
Restaurants,595,Stack'd Underground,4.423722627737227,"Pittsburgh, PA",United States,American; Burgers,40.4450628,'-79.9433165,https://www.google.com/maps/search/?api=1&query=Stack%27d+Underground&query_place_id=ChIJe94cciLyNIgRdN_PX7Lnl18,2024-01-16T21:34:29.604673+00:00
Restaurants,596,Teaspoon,4.411678832116788,"Los Altos, CA",United States,Bubble Tea,37.4012135,'-122.1144238,https://www.google.com/maps/search/?api=1&query=Teaspoon&query_place_id=ChIJLUkchZuwj4ARrLCAM2Dw-lk,2023-12-26T07:25:32.227629+00:00
Restaurants,597,State Street Market,4.399635036496351,"Los Altos, CA",United States,American; Indian,37.3799748,'-122.1163267,https://www.google.com/maps/search/?api=1&query=State+Street+Market&query_place_id=ChIJbfidQpSxj4AR-1vlJ20o6pk,2024-07-08T21:54:10.523029+00:00
Restaurants,598,Charley Noodle & Grill,4.387591240875913,"Los Altos, CA",United States,Noodles,37.3796259,'-122.1169562,https://www.google.com/maps/search/?api=1&query=Charley+Noodle+%26+Grill&query_place_id=ChIJaXfxOu6wj4ARO0BnfIvT9Bo,2023-06-10T05:44:14.747922+00:00
Restaurants,599,Orenchi Ramen,4.375547445255474,"Santa Clara, CA",United States,Asian; Japanese; Ramen,37.336347,'-121.994157,https://www.google.com/maps/search/?api=1&query=Orenchi+Ramen&query_place_id=ChIJX_7Uaoi1j4ARjlLl0tgTL20,2023-06-10T05:37:08.560115+00:00
Restaurants,600,Kanji Sushi & Ramen,4.363503649635037,"Palo Alto, CA",United States,Japanese; Sushi; Ramen,37.4138803,'-122.124792,https://www.google.com/maps/search/?api=1&query=Kanji+Sushi+%26+Ramen&query_place_id=ChIJ0dOudwC7j4AREfbInswM9lA,2025-06-14T01:59:59.997095+00:00
Restaurants,601,So Gong Dong Tofu House,4.351459854014599,"Palo Alto, CA",United States,Asian; Korean,37.41378,'-122.125402,https://www.google.com/maps/search/?api=1&query=So+Gong+Dong+Tofu+House&query_place_id=ChIJtWFrFmO6j4ARbA4cFdc8mG0,2023-09-04T20:17:43.731310+00:00
Restaurants,602,K-Grill & Tofu House,4.339416058394161,"San Bruno, CA",United States,Korean; Soup,37.6267985,'-122.4114418,https://www.google.com/maps/search/?api=1&query=K-Grill+%26+Tofu+House&query_place_id=ChIJDZlztdB5j4ARGJbJufIicZI,2025-06-27T01:18:47.480593+00:00
Restaurants,603,Galapagos Deli,4.327372262773723,Puerto Ayora,Ecuador,Pizza,'-0.7461341,'-90.3134938,https://www.google.com/maps/search/?api=1&query=Galapagos+Deli&query_place_id=ChIJLSwB1k5dqpoRuc1rIxzFCmE,2023-09-02T19:15:16.777332+00:00
Coffee & tea,70,Chinatown Taiwan Fruit Tea,4.316666666666666,"San Francisco, CA",United States,Bubble Tea,37.7951026,'-122.4076269,https://www.google.com/maps/search/?api=1&query=Chinatown+Taiwan+Fruit+Tea&query_place_id=ChIJ7QcwOq-BhYARSeWoRNwUDGA,2024-06-10T06:53:21.668842+00:00
Restaurants,604,Bonchon Mountain view,4.315328467153285,"Mountain View, CA",United States,Korean,37.3931828,'-122.0796375,https://www.google.com/maps/search/?api=1&query=Bonchon+Mountain+view&query_place_id=ChIJZ9C5aqK3j4AR7Llr-oHZJpw,2023-12-26T04:30:01.992542+00:00
Restaurants,605,The Speckled Egg PGH,4.303284671532847,"Pittsburgh, PA",United States,Brunch,40.4397355,'-79.9971547,https://www.google.com/maps/search/?api=1&query=The+Speckled+Egg+PGH&query_place_id=ChIJpbLpKfDxNIgR13yY0Fj4pjk,2025-05-14T23:00:02.601427+00:00
Restaurants,606,Donblanc Sanjose,4.291240875912409,"Sunnyvale, CA",United States,Korean,37.3517943,'-122.0066006,https://www.google.com/maps/search/?api=1&query=Donblanc+Sanjose&query_place_id=ChIJGefFUAC1j4ARpiBNB4xyU98,2025-05-31T04:54:22.630012+00:00
Restaurants,607,Café Loki,4.27919708029197,Reykjavík,Iceland,European; Nordic; Icelandic,64.14240269999999,'-21.9288523,https://www.google.com/maps/search/?api=1&query=Caf%C3%A9+Loki&query_place_id=ChIJCRdisMx01kgRUCG-12-_bE0,2024-10-14T21:58:03.232723+00:00
Restaurants,608,Sophienkeller im Taschenbergpalais,4.267153284671533,Dresden,Germany,German,51.0519086,13.7349802,https://www.google.com/maps/search/?api=1&query=Sophienkeller+im+Taschenbergpalais&query_place_id=ChIJe-d6MmbPCUcRrqzjBLVTbKk,2023-06-11T04:49:11.954788+00:00
Restaurants,609,Gen Korean BBQ House,4.255109489051096,"San Jose, CA",United States,Barbecue; Korean,37.3872192,'-121.8853588,https://www.google.com/maps/search/?api=1&query=Gen+Korean+BBQ+House&query_place_id=ChIJrxJXxhDMj4ARQqM7ixITYxQ,2023-06-11T01:03:16.532059+00:00
Restaurants,610,Hokkaido Ramen Santouka Harvard Square,4.243065693430657,"Cambridge, MA",United States,Japanese; Ramen; Noodles,42.37214880000001,'-71.11589649999999,https://www.google.com/maps/search/?api=1&query=Hokkaido+Ramen+Santouka+Harvard+Square&query_place_id=ChIJ3TOFUEN344kRlBKT2EagQ0I,2023-12-24T03:45:44.384930+00:00
Restaurants,611,Irish Pub Torshavn,4.231021897810219,Tórshavn,Faroe Islands,Pub,62.00907799999999,'-6.774289,https://www.google.com/maps/search/?api=1&query=Irish+Pub+Torshavn&query_place_id=ChIJRdLLGAQuvEgRG4U1by5h9v0,2024-10-17T12:15:34.194495+00:00
Bars,25,The Rose & Crown,4.2250000000000005,"Palo Alto, CA",United States,Bar; British; Bar Food,37.4444157,'-122.1617461,https://www.google.com/maps/search/?api=1&query=The+Rose+%26+Crown&query_place_id=ChIJRzi6GDq7j4ARVC4ZzH-ZgJU,2024-06-21T16:24:54.196107+00:00
Restaurants,612,Dishdash Middle Eastern Cuisine,4.218978102189782,"Sunnyvale, CA",United States,Middle Eastern,37.376177,'-122.030136,https://www.google.com/maps/search/?api=1&query=Dishdash+Middle+Eastern+Cuisine&query_place_id=ChIJS-AArV22j4AR1rJD3ENugCU,2023-06-11T00:22:55.387791+00:00
Restaurants,613,Khunying Thai,4.206934306569343,"San Jose, CA",United States,Thai,37.227671,'-121.775191,https://www.google.com/maps/search/?api=1&query=Khunying+Thai&query_place_id=ChIJq-fgFaUvjoARZRMxgkyUX6c,2024-07-08T23:31:12.028215+00:00
Restaurants,614,King's Fish House,4.194890510948905,"San Jose, CA",United States,Seafood,37.3241508,'-121.9459721,https://www.google.com/maps/search/?api=1&query=King%27s+Fish+House&query_place_id=ChIJVVVVUB7Lj4ARYzeDPpibxI4,2024-07-10T20:54:11.905714+00:00
Restaurants,615,Noia Mykonos,4.182846715328468,,Greece,,37.4101839,25.3547921,https://www.google.com/maps/search/?api=1&query=Noia+Mykonos&query_place_id=ChIJrxEpOVi_ohQRj27RU8sL9ZI,2024-08-19T08:10:55.393843+00:00
Restaurants,616,Curry Life,4.17080291970803,"San Jose, CA",United States,Japanese; Curry,37.3152878,'-121.9780623,https://www.google.com/maps/search/?api=1&query=Curry+Life&query_place_id=ChIJH5dR-JbKj4ARH_HN1clgdGg,2024-07-08T23:03:04.691617+00:00
Restaurants,617,Seapot Hot Pot & Bar,4.158759124087592,"Sunnyvale, CA",United States,Hot Pot; Chinese,37.3579211,'-122.0213673,https://www.google.com/maps/search/?api=1&query=Seapot+Hot+Pot+%26+Bar&query_place_id=ChIJr-6DkF-3j4ARdRld_i6iFjk,2023-06-11T01:08:17.266011+00:00
Restaurants,618,Sushi Tomi,4.146715328467153,"Mountain View, CA",United States,Japanese; Sushi,37.3917973,'-122.078048,https://www.google.com/maps/search/?api=1&query=Sushi+Tomi&query_place_id=ChIJyQjQYTG3j4ARBO9RopzNHA8,2023-06-11T00:23:25.303768+00:00
Restaurants,619,Benny's Barbecue | Order Direct bennysbarbecue.ca,4.134671532846715,"Toronto, ON",Canada,Barbecue; Southern,43.7104583,'-79.3989275,https://www.google.com/maps/search/?api=1&query=Benny%27s+Barbecue+%7C+Order+Direct+bennysbarbecue.ca&query_place_id=ChIJC3nHbgEzK4gRbC7UUDKm6zA,2024-02-16T21:44:46.564541+00:00
Coffee & tea,71,Teaspoon,4.133333333333334,"San Jose, CA",United States,Bubble Tea,37.315275,'-121.978109,https://www.google.com/maps/search/?api=1&query=Teaspoon&query_place_id=ChIJY26R5JbKj4ARnD3EBxRQbs4,2024-07-08T23:25:50.112844+00:00
Restaurants,620,La Pata Gorda,4.122627737226278,Guayaquil,Ecuador,,'-2.1954186,'-79.8831072,https://www.google.com/maps/search/?api=1&query=La+Pata+Gorda&query_place_id=ChIJJ5kvS3puLZARd59gAiSKds4,2023-09-02T19:14:35.079608+00:00
Restaurants,621,Udon Mugizo,4.11058394160584,"Mountain View, CA",United States,Udon; Japanese; Noodles,37.3942451,'-122.079073,https://www.google.com/maps/search/?api=1&query=Udon+Mugizo&query_place_id=ChIJdSXU-ZK3j4ARQ7KWKvpGkFI,2023-06-11T00:38:14.495861+00:00
Restaurants,622,Fuki Sushi,4.098540145985401,"Palo Alto, CA",United States,Sushi; Japanese,37.4138889,'-122.1258333,https://www.google.com/maps/search/?api=1&query=Fuki+Sushi&query_place_id=ChIJ5Q2_GWO6j4AREsesK8JkKW4,2023-12-26T03:56:26.175138+00:00
Restaurants,623,Rick's Cafe,4.086496350364964,"Los Altos, CA",United States,Breakfast,37.379399,'-122.116369,https://www.google.com/maps/search/?api=1&query=Rick%27s+Cafe&query_place_id=ChIJq_CzN-6wj4ARTyyNEspj-Es,2023-06-10T05:44:30.044886+00:00
Restaurants,624,The Counter,4.074452554744526,"Mountain View, CA",United States,Burgers,37.400881,'-122.1121778,https://www.google.com/maps/search/?api=1&query=The+Counter&query_place_id=ChIJyS7o4Zuwj4ARon29W1GsXJo,2023-12-26T04:30:51.378421+00:00
Restaurants,625,Kali Greek Kitchen,4.062408759124088,"Palo Alto, CA",United States,Greek; Mediterranean,37.4257174,'-122.1451083,https://www.google.com/maps/search/?api=1&query=Kali+Greek+Kitchen&query_place_id=ChIJqQzX9eW6j4ARRQTr9028s7k,2023-12-26T03:58:15.278499+00:00
Bakeries,24,Georgetown Cupcake,4.0600000000000005,"Washington, DC",United States,Dessert; Bakery; Cake,38.9052507,'-77.06617849999999,https://www.google.com/maps/search/?api=1&query=Georgetown+Cupcake&query_place_id=ChIJoWte30i2t4kRr7fNIVGuDx0,2025-05-14T22:58:11.979926+00:00
Restaurants,626,Kafé Kaspar,4.05036496350365,Tórshavn,Faroe Islands,,62.0100156,'-6.771071900000001,https://www.google.com/maps/search/?api=1&query=Kaf%C3%A9+Kaspar&query_place_id=ChIJL4uQ7QMuvEgRVP6402ZEgvE,2024-10-17T16:12:13.031823+00:00
Restaurants,627,Mendocino Farms,4.038321167883212,"Palo Alto, CA",United States,Sandwiches; Salad,37.4436978,'-122.162097,https://www.google.com/maps/search/?api=1&query=Mendocino+Farms&query_place_id=ChIJH_zZcy-7j4ARwPbn3XT47A4,2024-06-08T19:06:23.711598+00:00
Restaurants,628,Peninsula Creamery - Dairy Store & Grill,4.026277372262774,"Palo Alto, CA",United States,American; Ice Cream,37.4406201,'-122.1583385,https://www.google.com/maps/search/?api=1&query=Peninsula+Creamery+-+Dairy+Store+%26+Grill&query_place_id=ChIJcb2lTTu7j4ARtV09mp6ALGY,2024-06-08T19:03:28.052911+00:00
Restaurants,629,TAVERNA,4.0142335766423365,"Palo Alto, CA",United States,Greek; Mediterranean,37.44220419999999,'-122.1590523,https://www.google.com/maps/search/?api=1&query=TAVERNA&query_place_id=ChIJVVUFazu7j4ARLXVs7f4wu-M,2026-09-05T19:57:56.381545+00:00
Restaurants,630,Five Guys,4.002189781021898,"Mountain View, CA",United States,Fast Food; Burgers,37.396019,'-122.1015073,https://www.google.com/maps/search/?api=1&query=Five+Guys&query_place_id=ChIJW2bLBLywj4ARhMyt7xf43Js,2024-07-08T22:01:10.703342+00:00
Restaurants,631,福州新利大雅餐廳,3.99014598540146,Taipei City,Taiwan,Chinese; Taiwanese,25.04626769999999,121.5068175,https://www.google.com/maps/search/?api=1&query=%E7%A6%8F%E5%B7%9E%E6%96%B0%E5%88%A9%E5%A4%A7%E9%9B%85%E9%A4%90%E5%BB%B3&query_place_id=ChIJ9wB8GgmpQjQRGd1_bpxxD38,2024-05-14T22:22:18.662275+00:00
Restaurants,632,Poke House - Palo Alto,3.9781021897810223,"Palo Alto, CA",United States,Hawaiian; Poke,37.4384958,'-122.1606403,https://www.google.com/maps/search/?api=1&query=Poke+House+-+Palo+Alto&query_place_id=ChIJHUVxbf67j4ARDeXKRT7FmeA,2023-12-26T03:55:42.280545+00:00
Restaurants,633,Chick-fil-A,3.966058394160584,"Baltimore, MD",United States,Fast Food; American,39.179064,'-76.6705419,https://www.google.com/maps/search/?api=1&query=Chick-fil-A&query_place_id=ChIJz1rayObit4kRG_rcjcG4e30,2024-04-19T19:15:43.203470+00:00
Restaurants,634,Everyday Noodles,3.9540145985401463,"Pittsburgh, PA",United States,Noodles; Dumplings; Taiwanese,40.4382538,'-79.92010189999999,https://www.google.com/maps/search/?api=1&query=Everyday+Noodles&query_place_id=ChIJY7-zEQDyNIgRnr2vhjLZ77w,2024-02-04T20:38:16.435799+00:00
Coffee & tea,72,Tsaocaa,3.95,"Pittsburgh, PA",United States,Bubble Tea,40.44163169999999,'-79.95729779999999,https://www.google.com/maps/search/?api=1&query=Tsaocaa&query_place_id=ChIJhVrhARTzNIgRV9LWLFtcT6w,2024-10-10T17:28:16.735560+00:00
Dessert,37,Rick's Ice Cream,3.95,"Palo Alto, CA",United States,Ice Cream,37.4185283,'-122.1093056,https://www.google.com/maps/search/?api=1&query=Rick%27s+Ice+Cream&query_place_id=ChIJ197yCm26j4ARQTtYwSBsUFo,2024-07-08T21:33:44.172524+00:00
Restaurants,635,The Rendezvous,3.941970802919708,"Whistler, BC",Canada,Food Court,50.09637019999999,'-122.9013943,https://www.google.com/maps/search/?api=1&query=The+Rendezvous&query_place_id=ChIJf8fi8Xclh1QRhUkGHo92cI8,2023-12-28T00:41:39.886305+00:00
Restaurants,636,The Grove - Yerba Buena,3.9299270072992707,"San Francisco, CA",United States,American; Brunch,37.78654239999999,'-122.4019862,https://www.google.com/maps/search/?api=1&query=The+Grove+-+Yerba+Buena&query_place_id=ChIJiZyN7IeAhYARnCn-G6GH73Q,2024-07-08T21:57:42.993757+00:00
Restaurants,637,Millbrae Pancake House,3.9178832116788325,"Millbrae, CA",United States,Diner; Breakfast; American,37.6084271,'-122.4003129,https://www.google.com/maps/search/?api=1&query=Millbrae+Pancake+House&query_place_id=ChIJ8Xp2y593j4ARMv-y1yYldJg,2025-09-19T18:23:05.716334+00:00
Restaurants,638,Grafton Street Pub & Grill,3.9058394160583947,"Cambridge, MA",United States,American; Bar Food; Pub,42.37179400000001,'-71.12099289999999,https://www.google.com/maps/search/?api=1&query=Grafton+Street+Pub+%26+Grill&query_place_id=ChIJO4akUEN344kRUk5s2KK2a-Y,2025-08-29T16:01:41.726774+00:00
Restaurants,639,Aladdin's Eatery Squirrel Hill,3.8937956204379565,"Pittsburgh, PA",United States,Lebanese; Middle Eastern,40.4379249,'-79.9198734,https://www.google.com/maps/search/?api=1&query=Aladdin%27s+Eatery+Squirrel+Hill&query_place_id=ChIJz2YHEADyNIgR3i06eMICpDM,2026-01-25T21:26:32.895952+00:00
Restaurants,640,Took Took 98 | Thai Street Food Restaurant,3.8817518248175187,"Pittsburgh, PA",United States,Thai,40.4342014,'-79.9231289,https://www.google.com/maps/search/?api=1&query=Took+Took+98+%7C+Thai+Street+Food+Restaurant&query_place_id=ChIJg4iqU1zxNIgRpPPslHG6YxA,2025-02-07T17:34:21.256606+00:00
Restaurants,641,Butterjoint,3.8697080291970805,"Pittsburgh, PA",United States,American; Bar; Burgers,40.4501541,'-79.95077669999999,https://www.google.com/maps/search/?api=1&query=Butterjoint&query_place_id=ChIJzwS4zTryNIgRGmSRESQtGHo,2024-11-10T02:33:20.605724+00:00
Restaurants,642,Cap't Loui,3.8576642335766427,"Cupertino, CA",United States,Cajun; Seafood,37.3253382,'-122.0124613,https://www.google.com/maps/search/?api=1&query=Cap%27t+Loui&query_place_id=ChIJN06212-1j4ARmXgKWnhSJQU,2024-07-10T20:56:06.319599+00:00
Restaurants,643,bb.q Chicken Sunnyvale,3.845620437956205,"Sunnyvale, CA",United States,Korean,37.3637082,'-122.0266861,https://www.google.com/maps/search/?api=1&query=bb.q+Chicken+Sunnyvale&query_place_id=ChIJN7KGGJ-3j4ARpcSEtt_P4X4,2024-07-11T21:24:49.806141+00:00
Restaurants,644,Rara,3.8335766423357667,"Palo Alto, CA",United States,Nepalese,37.428218,'-122.14307,https://www.google.com/maps/search/?api=1&query=Rara&query_place_id=ChIJeYSESRq7j4AREj5yWWRdjrc,2024-05-09T05:58:25.989070+00:00
Restaurants,645,Hunan Express,3.821532846715329,"Pittsburgh, PA",United States,Chinese,40.4433716,'-79.94559199999999,https://www.google.com/maps/search/?api=1&query=Hunan+Express&query_place_id=ChIJYzFIayHyNIgRriYN9SbgOo0,2024-01-16T21:32:21.657000+00:00
Restaurants,646,SH HAWAIIAN BBQ&DONUT,3.8094890510948907,"Palo Alto, CA",United States,Asian Fusion; Barbecue; Donuts; Hawaiian,37.41660309999999,'-122.1305237,https://www.google.com/maps/search/?api=1&query=SH+HAWAIIAN+BBQ%26DONUT&query_place_id=ChIJn8N8FIq6j4ARMqjX0jpCEcY,2023-12-26T03:57:06.739743+00:00
Restaurants,647,Rangoon Ruby Burmese Cuisine,3.797445255474453,"Palo Alto, CA",United States,Asian Fusion; Burmese,37.4450763,'-122.1631074,https://www.google.com/maps/search/?api=1&query=Rangoon+Ruby+Burmese+Cuisine&query_place_id=ChIJmWwu4jm7j4ARtbXJ6I2CZrg,2025-01-27T17:42:32.995694+00:00
Restaurants,648,Shake Shack Stanford Shopping Center,3.7854014598540147,"Palo Alto, CA",United States,Burgers,37.44364100000001,'-122.1684837,https://www.google.com/maps/search/?api=1&query=Shake+Shack+Stanford+Shopping+Center&query_place_id=ChIJYa_Hwm27j4ARnruqUA4l5Vc,2023-12-26T03:56:50.851841+00:00
Restaurants,649,Local Kitchens,3.773357664233577,"San Bruno, CA",United States,American; Californian,37.6267993,'-122.425534,https://www.google.com/maps/search/?api=1&query=Local+Kitchens&query_place_id=ChIJAU6Tiz15j4ARHfwKIoodbyI,2025-06-27T01:19:36.887893+00:00
Coffee & tea,73,Tsaocaa,3.766666666666667,"Pittsburgh, PA",United States,Asian; Bubble Tea,40.4382528,'-79.9202078,https://www.google.com/maps/search/?api=1&query=Tsaocaa&query_place_id=ChIJW4mbBNjzNIgRYmFrVv01reY,2024-10-10T17:28:06.599493+00:00
Restaurants,650,La Viga Seafood & Cocina Mexicana,3.761313868613139,"Redwood City, CA",United States,Mexican; Seafood,37.4869838,'-122.2228888,https://www.google.com/maps/search/?api=1&query=La+Viga+Seafood+%26+Cocina+Mexicana&query_place_id=ChIJwYL-H6ujj4ARS7ZReMWhm9M,2025-06-04T01:37:39.934107+00:00
Restaurants,651,ViVe Sol,3.7492700729927013,"Mountain View, CA",United States,Mexican,37.3953222,'-122.0996111,https://www.google.com/maps/search/?api=1&query=ViVe+Sol&query_place_id=ChIJ47PYQLmwj4ARN49oMBKJyaY,2025-08-06T04:00:03.702534+00:00
Restaurants,652,Sushi Fuku,3.737226277372263,"Pittsburgh, PA",United States,Sushi,40.44468699999999,'-79.94856999999999,https://www.google.com/maps/search/?api=1&query=Sushi+Fuku&query_place_id=ChIJd3hRoCbyNIgR_0WAdbtJq5E,2025-02-07T17:36:18.566795+00:00
Restaurants,653,Chipotle Mexican Grill,3.7251824817518253,"Palo Alto, CA",United States,Mexican,37.4238742,'-122.14306,https://www.google.com/maps/search/?api=1&query=Chipotle+Mexican+Grill&query_place_id=ChIJc14uqu-6j4ARDCuTmjmOtX0,2024-08-19T08:15:49.504816+00:00
Restaurants,654,Wago Sushi,3.713138686131387,"San Francisco, CA",United States,Japanese; Sushi,37.79992549999999,'-122.4422558,https://www.google.com/maps/search/?api=1&query=Wago+Sushi&query_place_id=ChIJFYneONSAhYARyF33rip72Dg,2023-12-28T01:10:45.592894+00:00
Restaurants,655,Lava Lava Beach Club,3.7010948905109493,"Waikoloa Village, HI",United States,Hawaiian,19.9132977,'-155.8879458,https://www.google.com/maps/search/?api=1&query=Lava+Lava+Beach+Club&query_place_id=ChIJLV0YzpZ3VHkRrJxydNU8n4s,2026-07-19T06:18:43.473393+00:00
Restaurants,656,Yoshino Asian Fusion,3.689051094890511,"Pittsburgh, PA",United States,Asian; Sushi; Asian Fusion,40.4509388,'-79.9339389,https://www.google.com/maps/search/?api=1&query=Yoshino+Asian+Fusion&query_place_id=ChIJ5R6OJibzNIgRj7PaeC0EYeE,2024-09-23T01:07:44.555978+00:00
Restaurants,657,Bluestone Lane Los Altos Café,3.6770072992700733,"Los Altos, CA",United States,Cafe; Breakfast; Bakery,37.37723090000001,'-122.1177688,https://www.google.com/maps/search/?api=1&query=Bluestone+Lane+Los+Altos+Caf%C3%A9&query_place_id=ChIJNWwtKWOxj4ARnH1f_eQ5cHM,2023-12-26T07:24:23.640723+00:00
Restaurants,658,Cafe Binnen Buiten,3.6649635036496355,Amsterdam,Netherlands,Bar; Dutch,52.3547976,4.8872165,https://www.google.com/maps/search/?api=1&query=Cafe+Binnen+Buiten&query_place_id=ChIJZea7PvIJxkcRoSZvAsjqsUE,2024-08-15T03:27:35.962864+00:00
Restaurants,659,Bonchon Allston,3.6529197080291973,"Boston, MA",United States,Korean; Fried Chicken,42.35304,'-71.130887,https://www.google.com/maps/search/?api=1&query=Bonchon+Allston&query_place_id=ChIJE1yxCcV544kRT4VT4R6rHzM,2024-04-19T19:12:17.605348+00:00
Restaurants,660,BHC Chicken Koreatown,3.6408759124087595,"Los Angeles, CA",United States,Korean; Fried Chicken; Chicken,34.0638527,'-118.2971305,https://www.google.com/maps/search/?api=1&query=BHC+Chicken+Koreatown&query_place_id=ChIJcePfkDDHwoARqH3m0uGktKM,2026-08-09T19:46:22.942672+00:00
Restaurants,661,Siam Fine Thai Cuisine,3.6288321167883213,"Palo Alto, CA",United States,Thai,37.41637,'-122.1297911,https://www.google.com/maps/search/?api=1&query=Siam+Fine+Thai+Cuisine&query_place_id=ChIJF-8UBYq6j4AR5FBD89Ka32Y,2024-07-08T23:02:38.652694+00:00
Restaurants,662,Campo di Bocce of Los Gatos,3.6167883211678835,"Los Gatos, CA",United States,American; Italian,37.2322709,'-121.9779096,https://www.google.com/maps/search/?api=1&query=Campo+di+Bocce+of+Los+Gatos&query_place_id=ChIJqQ7qbvo1joARxTluw6BHNUg,2025-01-27T17:41:13.037848+00:00
Restaurants,663,Buca di Beppo Italian Restaurant,3.6047445255474457,"Palo Alto, CA",United States,American; Italian,37.4435214,'-122.1605738,https://www.google.com/maps/search/?api=1&query=Buca+di+Beppo+Italian+Restaurant&query_place_id=ChIJEQbMSzq7j4ARCIzIQRU45og,2024-01-06T06:36:37.721373+00:00
Restaurants,664,Dumpling Time Stanford,3.592700729927008,"Palo Alto, CA",United States,Dim Sum,37.4449754,'-122.1715713,https://www.google.com/maps/search/?api=1&query=Dumpling+Time+Stanford&query_place_id=ChIJBRqe0TW7j4ARopovC5rU388,2026-02-22T17:04:39.432281+00:00
Coffee & tea,74,Chiya Chai Loop,3.583333333333334,"Chicago, IL",United States,Indian,41.88198269999999,'-87.6248299,https://www.google.com/maps/search/?api=1&query=Chiya+Chai+Loop&query_place_id=ChIJSeXi1xktDogRvO0b9T5msBU,2024-04-19T19:08:35.377121+00:00
Restaurants,665,Barbayani Greek Taverna,3.5806569343065697,"Los Altos, CA",United States,Greek,37.3780733,'-122.1176708,https://www.google.com/maps/search/?api=1&query=Barbayani+Greek+Taverna&query_place_id=ChIJ7ySZIY6xj4ARV6eC-BPNplg,2025-07-19T20:33:35.045818+00:00
Restaurants,666,Johnny & Sanny's,3.568613138686132,"Mountain View, CA",United States,Italian,37.3948835,'-122.0784805,https://www.google.com/maps/search/?api=1&query=Johnny+%26+Sanny%27s&query_place_id=ChIJK7vtizK3j4ARdks_nT2UZOE,2025-06-04T01:48:58.027148+00:00
Restaurants,667,diners 2+1,3.5565693430656937,"Pittsburgh, PA",United States,Japanese; Sushi,40.4372107,'-79.92312249999999,https://www.google.com/maps/search/?api=1&query=diners+2%2B1&query_place_id=ChIJc7q2DTvxNIgR5K3SOPvVKUw,2024-04-19T19:05:33.533875+00:00
Restaurants,668,Shabuya,3.5445255474452555,"Milpitas, CA",United States,Japanese; Shabu-Shabu; Japanese; Shabu-Shabu,37.42674,'-121.921133,https://www.google.com/maps/search/?api=1&query=Shabuya&query_place_id=ChIJRXkeKBDJj4AR0CPxf0ejqJk,2024-07-08T21:38:00.658115+00:00
Restaurants,669,Crepevine Restaurants,3.5324817518248177,"Mountain View, CA",United States,Breakfast; Crepes,37.39252210000001,'-122.0800081,https://www.google.com/maps/search/?api=1&query=Crepevine+Restaurants&query_place_id=ChIJ4TTDdzS3j4AR78EQgu5EADA,2024-07-08T21:53:19.919245+00:00
Restaurants,670,Yukiyama Japanese Restaurant,3.52043795620438,"Pittsburgh, PA",United States,Japanese; Sushi,40.43312689999999,'-79.9228921,https://www.google.com/maps/search/?api=1&query=Yukiyama+Japanese+Restaurant&query_place_id=ChIJVVVJhf7xNIgRO6i9n8IDVUk,2024-02-10T14:47:26.298917+00:00
Restaurants,671,Tacolicious,3.508394160583942,"Palo Alto, CA",United States,Mexican; Taqueria,37.443326,'-122.161004,https://www.google.com/maps/search/?api=1&query=Tacolicious&query_place_id=ChIJMVRrSDq7j4ARCZG7uDyf4z4,2024-06-04T06:38:50.015533+00:00
Restaurants,672,CHiKN,3.496350364963504,"Pittsburgh, PA",United States,Chicken,40.44131340000001,'-79.9570957,https://www.google.com/maps/search/?api=1&query=CHiKN&query_place_id=ChIJNVEpiefzNIgRTduxmt_kOCo,2023-12-24T03:25:19.670954+00:00
Restaurants,673,Oishii Bento,3.484306569343066,"Pittsburgh, PA",United States,Asian Fusion; Korean; Japanese,40.44188990000001,'-79.95715450000002,https://www.google.com/maps/search/?api=1&query=Oishii+Bento&query_place_id=ChIJMRkulSnyNIgRFX20W4CdRes,2024-04-26T22:04:48.165573+00:00
Restaurants,674,Primanti Bros. Restaurant and Bar Strip District,3.472262773722628,"Pittsburgh, PA",United States,American; Pub; Sandwiches,40.450724,'-79.98550449999999,https://www.google.com/maps/search/?api=1&query=Primanti+Bros.+Restaurant+and+Bar+Strip+District&query_place_id=ChIJldAGdt3zNIgRjGeERIxAoAE,2023-12-24T03:24:48.042109+00:00
Restaurants,675,Peaked Pies Whistler,3.46021897810219,"Whistler, BC",Canada,Australian,50.11828000000001,'-122.9576563,https://www.google.com/maps/search/?api=1&query=Peaked+Pies+Whistler&query_place_id=ChIJ6yxNsbM8h1QRAdYtVRzRMc4,2023-12-24T03:29:48.508719+00:00
Restaurants,676,La Vid Restaurante,3.448175182481752,Quito,Ecuador,Ecuadorian,'-0.2196881,'-78.5118742,https://www.google.com/maps/search/?api=1&query=La+Vid+Restaurante&query_place_id=ChIJQ59rhoeZ1ZERlB5hiFyiS5I,2023-09-02T19:16:19.938967+00:00
Restaurants,677,Happy Donuts,3.436131386861314,"Palo Alto, CA",United States,Donuts,37.4164425,'-122.1300051,https://www.google.com/maps/search/?api=1&query=Happy+Donuts&query_place_id=ChIJ47ACIRu7j4ARlsvSvurnNwM,2023-12-26T03:53:58.317804+00:00
Restaurants,678,Grapow,3.4240875912408764,"Pittsburgh, PA",United States,Asian; Asian Fusion,40.4448787,'-79.9484104,https://www.google.com/maps/search/?api=1&query=Grapow&query_place_id=ChIJTZlzAgDzNIgR8Z-LifC0NrQ,2024-08-28T14:27:50.540360+00:00
Restaurants,679,Pizza My Heart,3.4120437956204386,"Palo Alto, CA",United States,Pizza; Fast Food,37.44484169999999,'-122.1623194,https://www.google.com/maps/search/?api=1&query=Pizza+My+Heart&query_place_id=ChIJN1Yf8Dm7j4ARg7totskx17E,2024-08-19T08:14:50.364962+00:00
Restaurants,680,Silk Elephant,3.4,"Pittsburgh, PA",United States,Thai; Wine Bar,40.4375175,'-79.9231221,https://www.google.com/maps/search/?api=1&query=Silk+Elephant&query_place_id=ChIJU-45Yv_xNIgRciJEiRDX_LU,2026-07-15T20:33:39.743159+00:00
Coffee & tea,75,Mr. Sun Tea Palo Alto,3.4,"Palo Alto, CA",United States,Bubble Tea,37.4474688,'-122.1597402,https://www.google.com/maps/search/?api=1&query=Mr.+Sun+Tea+Palo+Alto&query_place_id=ChIJLbnaqqu7j4ARHXoNeCOUqh0,2025-10-05T18:47:01.449026+00:00
Bars,26,St. Stephen's Green,3.4,"Mountain View, CA",United States,Bar; Irish,37.3934292,'-122.0789755,https://www.google.com/maps/search/?api=1&query=St.+Stephen%27s+Green&query_place_id=ChIJsfMnDjS3j4ARoUdVDMJyqMU,2024-08-23T15:50:16.220254+00:00
Restaurants,681,Steam,3.3476190476190477,"Palo Alto, CA",United States,Dim Sum,37.4450435,'-122.1628635,https://www.google.com/maps/search/?api=1&query=Steam&query_place_id=ChIJ-a6t5Tm7j4ARsEz4451NPDk,2026-03-30T01:29:37.164055+00:00
Restaurants,682,Sushi Roku Palo Alto,3.295238095238095,"Palo Alto, CA",United States,Japanese,37.44317359999999,'-122.1725544,https://www.google.com/maps/search/?api=1&query=Sushi+Roku+Palo+Alto&query_place_id=ChIJ-cKKzxa7j4ARMboigp4Thvk,2025-05-31T04:56:18.200124+00:00
Restaurants,683,a Mano,3.242857142857143,"San Francisco, CA",United States,Italian,37.7768993,'-122.4240297,https://www.google.com/maps/search/?api=1&query=a+Mano&query_place_id=ChIJjfhunpiAhYARL76pNCCCFvg,2026-06-06T04:21:47.079775+00:00
Restaurants,684,Tacolicious,3.1904761904761902,"San Francisco, CA",United States,Mexican,37.7609638,'-122.4213678,https://www.google.com/maps/search/?api=1&query=Tacolicious&query_place_id=ChIJfxUo-Od_j4ARz1tjyoQIPAM,2026-03-30T01:33:26.197911+00:00
Restaurants,685,North India,3.138095238095238,"San Francisco, CA",United States,Indian,37.7877487,'-122.3992165,https://www.google.com/maps/search/?api=1&query=North+India&query_place_id=ChIJrQ9dLX2AhYARiolh2hTx1Ig,2026-03-30T01:45:42.009827+00:00
Restaurants,686,Beach Chalet Brewery and Restaurant,3.085714285714286,"San Francisco, CA",United States,Seafood,37.7694627,'-122.5102108,https://www.google.com/maps/search/?api=1&query=Beach+Chalet+Brewery+and+Restaurant&query_place_id=ChIJ1ShzE7mHhYARnIi1rffKeVc,2025-06-15T23:30:08.266348+00:00
Restaurants,687,Noma Sushi,3.033333333333333,"San Mateo, CA",United States,Japanese; Sushi,37.5546691,'-122.310951,https://www.google.com/maps/search/?api=1&query=Noma+Sushi&query_place_id=ChIJkdufYMqfj4ARRzWEPAMY5T8,2025-07-19T20:32:57.862581+00:00
Restaurants,688,"Happy Lamb Hot Pot, San Francisco",2.980952380952381,"San Francisco, CA",United States,Hot Pot,37.7873621,'-122.4101028,https://www.google.com/maps/search/?api=1&query=Happy+Lamb+Hot+Pot%2C+San+Francisco&query_place_id=ChIJl5QcVo6AhYARNzILRyLbwuU,2023-12-26T07:13:31.051093+00:00
Restaurants,689,Gen Korean BBQ House,2.9285714285714284,"Mountain View, CA",United States,Barbecue; Korean,37.4003612,'-122.1109953,https://www.google.com/maps/search/?api=1&query=Gen+Korean+BBQ+House&query_place_id=ChIJd6xfy5ixj4ARAqVhOFl4ub0,2023-12-26T04:28:59.540999+00:00
Restaurants,690,Daigo,2.876190476190476,"Palo Alto, CA",United States,Japanese; Sushi,37.4278581,'-122.144228,https://www.google.com/maps/search/?api=1&query=Daigo&query_place_id=ChIJ7ZNa4dG7j4ARszvuKU9_usY,2024-05-16T08:35:15.500334+00:00
Restaurants,691,Ô MAI,2.8238095238095235,Amsterdam,Netherlands,Vietnamese,52.365492,4.8975301,https://www.google.com/maps/search/?api=1&query=%C3%94+MAI&query_place_id=ChIJSycnnpUJxkcRaUEu5s1LiF0,2025-01-15T01:57:15.533574+00:00
Restaurants,692,Armadillo Willy's Barbecue,2.7714285714285714,"Los Altos, CA",United States,Barbecue,37.4002499,'-122.1139369,https://www.google.com/maps/search/?api=1&query=Armadillo+Willy%27s+Barbecue&query_place_id=ChIJ4fQ7lpuwj4ARw_UQK_EjNPE,2023-12-26T07:25:13.966217+00:00
Restaurants,693,Jin Gege & Yao Yao,2.719047619047619,"Milpitas, CA",United States,Chinese; Cantonese; Barbecue,37.4208023,'-121.9162688,https://www.google.com/maps/search/?api=1&query=Jin+Gege+%26+Yao+Yao&query_place_id=ChIJiXL6XwDJj4ARbLfygKBAHos,2025-10-19T20:48:00.456087+00:00
Restaurants,694,Hon's Wun-Tun House,2.6666666666666665,"San Francisco, CA",United States,Chinese; Cantonese,37.7942739,'-122.4046276,https://www.google.com/maps/search/?api=1&query=Hon%27s+Wun-Tun+House&query_place_id=ChIJW-VIGYuAhYARDoGG1byUOcs,2026-01-18T06:57:09.545966+00:00
Restaurants,695,Chengdu Gourmet（Squirrel Hill),2.6142857142857143,"Pittsburgh, PA",United States,Asian; Asian Fusion; Chinese,40.4293386,'-79.92236849999999,https://www.google.com/maps/search/?api=1&query=Chengdu+Gourmet%EF%BC%88Squirrel+Hill%29&query_place_id=ChIJLd3F_PzxNIgRDq8xAmHQ18Q,2025-04-08T06:22:06.771096+00:00
Restaurants,696,Bluestone Lane Harvard Square Café,2.5619047619047617,"Cambridge, MA",United States,Australian; Coffee,42.3735017,'-71.1207177,https://www.google.com/maps/search/?api=1&query=Bluestone+Lane+Harvard+Square+Caf%C3%A9&query_place_id=ChIJS1s98qB344kRNmvp6scTadM,2025-08-29T15:59:28.434540+00:00
Restaurants,697,Mr. Bao Kitchen,2.5095238095238095,"Mountain View, CA",United States,Chinese; Dumplings,37.3916411,'-122.0798121,https://www.google.com/maps/search/?api=1&query=Mr.+Bao+Kitchen&query_place_id=ChIJ0XCu-J63j4ARBue4YjjbOLM,2025-06-04T02:33:52.666885+00:00
Restaurants,698,Italico Ristorante Pizzeria,2.4571428571428573,"Palo Alto, CA",United States,Italian; Wine Bar; Pizza,37.426968,'-122.144055,https://www.google.com/maps/search/?api=1&query=Italico+Ristorante+Pizzeria&query_place_id=ChIJC3GmmeW6j4ARj7GQjerUWUY,2024-05-16T08:55:45.372464+00:00
Restaurants,699,GREEN PEPPER,2.4047619047619047,"Pittsburgh, PA",United States,Korean,40.4341354,'-79.92301169999999,https://www.google.com/maps/search/?api=1&query=GREEN+PEPPER&query_place_id=ChIJwy6Z7v7xNIgRVHQFJTCXZIA,2025-02-07T17:34:51.339765+00:00
Restaurants,700,Noodle House,2.3523809523809525,"Pittsburgh, PA",United States,Noodles; Thai,40.440578,'-79.9585798,https://www.google.com/maps/search/?api=1&query=Noodle+House&query_place_id=ChIJDxOukArxNIgR5NksBn-2nC4,2025-01-15T01:55:50.631011+00:00
Restaurants,701,Sichuan Gourmet,2.3,"Pittsburgh, PA",United States,Chinese,40.4358226,'-79.9230998,https://www.google.com/maps/search/?api=1&query=Sichuan+Gourmet&query_place_id=ChIJjWC6Ef_xNIgRyJodJrEpjAc,2024-04-19T19:10:02.393387+00:00
Restaurants,702,Wingstop,2.2476190476190476,"Mountain View, CA",United States,Fast Food; American; Fried Chicken,37.4021362,'-122.1074931,https://www.google.com/maps/search/?api=1&query=Wingstop&query_place_id=ChIJ672DSySxj4ARO7L0GFV7v7k,2024-07-08T21:53:47.487469+00:00
Restaurants,703,Wild Onion Bistro and Bar,2.1952380952380954,"Palo Alto, CA",United States,American,37.41795159999999,'-122.1024044,https://www.google.com/maps/search/?api=1&query=Wild+Onion+Bistro+and+Bar&query_place_id=ChIJD7J4h_C7j4AR2kM9CcjZo2s,2026-05-10T22:12:40.586837+00:00
Restaurants,704,NAR Restaurant,2.1428571428571432,"Mountain View, CA",United States,Georgian; Armenian,37.3832604,'-122.078283,https://www.google.com/maps/search/?api=1&query=NAR+Restaurant&query_place_id=ChIJs6VVKiK3j4ARv41w-9SHJJs,2025-12-08T03:42:33.711747+00:00
Restaurants,705,Chipotle Mexican Grill,2.0904761904761906,"Pittsburgh, PA",United States,Mexican,40.4446441,'-79.9481105,https://www.google.com/maps/search/?api=1&query=Chipotle+Mexican+Grill&query_place_id=ChIJhQOupibyNIgReBoACHik1Jw,2024-07-08T21:39:25.373626+00:00
Restaurants,706,El Gallo de Oro,2.038095238095238,"Pittsburgh, PA",United States,Mexican; New Mexican,40.4431595,'-79.9419764,https://www.google.com/maps/search/?api=1&query=El+Gallo+de+Oro&query_place_id=ChIJlV4y5yHyNIgRaaYa1zk7vYw,2024-01-16T21:31:04.474753+00:00
Restaurants,707,Superhot Hot Pot & Korean BBQ,1.9857142857142858,"Mountain View, CA",United States,Barbecue; Hot Pot; Korean,37.3932825,'-122.0781162,https://www.google.com/maps/search/?api=1&query=Superhot+Hot+Pot+%26+Korean+BBQ&query_place_id=ChIJN_k8v0y3j4ARU5I-qHFv09U,2023-12-26T04:29:19.610450+00:00
Restaurants,708,Happy Lamb Hot Pot | Mountain View,1.9333333333333333,"Mountain View, CA",United States,Chinese; Hot Pot,37.3950424,'-122.0783615,https://www.google.com/maps/search/?api=1&query=Happy+Lamb+Hot+Pot+%7C+Mountain+View&query_place_id=ChIJJ9KvLjS3j4ARVZyJ6HSBT0A,2023-12-26T04:28:39.331570+00:00
Restaurants,709,Happy Lamb Hot Pot | Cupertino,1.880952380952381,"Cupertino, CA",United States,Hot Pot; Chinese; Asian,37.32255079999999,'-122.0058813,https://www.google.com/maps/search/?api=1&query=Happy+Lamb+Hot+Pot+%7C+Cupertino&query_place_id=ChIJcz7wwne1j4AR6Ko5-sYCB1o,2023-06-12T06:14:13.160607+00:00
Restaurants,710,Aqui Cupertino,1.8285714285714287,"Cupertino, CA",United States,Mexican,37.3140052,'-122.0317953,https://www.google.com/maps/search/?api=1&query=Aqui+Cupertino&query_place_id=ChIJXcisMQe1j4ARtlM0cX8f3bE,2025-08-06T04:00:27.220369+00:00
Restaurants,711,Big Island Brewhaus,1.7761904761904763,"Waimea, HI",United States,Mexican; Brewery,20.0247861,'-155.6615139,https://www.google.com/maps/search/?api=1&query=Big+Island+Brewhaus&query_place_id=ChIJdYes69OcU3kRVjkP1-XP0tw,2026-08-09T19:46:48.603099+00:00
Coffee & tea,76,COFFEE LAB EVANSTON,1.75,"Evanston, IL",United States,Coffee Shop; Ice Cream,42.0583195,'-87.6836721,https://www.google.com/maps/search/?api=1&query=COFFEE+LAB+EVANSTON&query_place_id=ChIJjxOOwabaD4gRnJz5jJDPrvw,2024-04-19T19:06:43.514250+00:00
Restaurants,712,Ramen Kowa,1.723809523809524,"Palo Alto, CA",United States,Ramen; Japanese,37.4257831,'-122.1449662,https://www.google.com/maps/search/?api=1&query=Ramen+Kowa&query_place_id=ChIJq6Jj6y-7j4ARmkaTCtvuosg,2024-07-08T23:03:47.156965+00:00
Restaurants,713,Green Elephant Gourmet,1.6714285714285713,"Palo Alto, CA",United States,Burmese; Chinese,37.4186783,'-122.1091285,https://www.google.com/maps/search/?api=1&query=Green+Elephant+Gourmet&query_place_id=ChIJ-Z6WDW26j4ARvRm_XzDSf3o,2024-07-08T23:24:15.755594+00:00
Restaurants,714,HalalStreet Hot Pot & Xinjiang Cuisine,1.619047619047619,"Newark, CA",United States,Hot Pot; Chinese,37.5234298,'-121.9915088,https://www.google.com/maps/search/?api=1&query=HalalStreet+Hot+Pot+%26+Xinjiang+Cuisine&query_place_id=ChIJW4e7xmDBj4ARK_kmeQ4ZyJw,2024-07-05T18:57:14.414789+00:00
Restaurants,715,Chef Chu's,1.5666666666666667,"Los Altos, CA",United States,Chinese,37.40057790000001,'-122.1136827,https://www.google.com/maps/search/?api=1&query=Chef+Chu%27s&query_place_id=ChIJ1T9Tk5uwj4ARFI0FkzPKOvI,2023-12-26T07:24:04.368318+00:00
Restaurants,716,Fish.,1.5142857142857145,"Sausalito, CA",United States,Italian; Seafood,37.868155,'-122.497776,https://www.google.com/maps/search/?api=1&query=Fish.&query_place_id=ChIJA8__dQSFhYARE0w7Xm4lQ5o,2023-07-05T22:49:06.636509+00:00
Restaurants,717,Red Hot Wok,1.4619047619047618,"Cupertino, CA",United States,Taiwanese,37.322093,'-122.0148731,https://www.google.com/maps/search/?api=1&query=Red+Hot+Wok&query_place_id=ChIJ-_IgjZ-1j4ARyGIo8Uk0i80,2023-06-11T00:57:39.565731+00:00
Restaurants,718,Restaurace Stará Kotelna,1.4095238095238096,Prague,Czechia,,50.0699005,14.4783276,https://www.google.com/maps/search/?api=1&query=Restaurace+Star%C3%A1+Kotelna&query_place_id=ChIJXy60P3OTC0cRnwCTY7Aqe3k,2023-06-11T00:14:20.435192+00:00
Restaurants,719,Pat's King of Steaks,1.3571428571428572,"Philadelphia, PA",United States,American; Cheesesteaks,39.93319950000001,'-75.1592409,https://www.google.com/maps/search/?api=1&query=Pat%27s+King+of+Steaks&query_place_id=ChIJUSZwpwjGxokRpPURfAyTF1g,2023-06-10T06:02:16.968821+00:00
Restaurants,720,INDO Restaurant & Lounge,1.304761904761905,"Palo Alto, CA",United States,Indonesian,37.4209587,'-122.1369645,https://www.google.com/maps/search/?api=1&query=INDO+Restaurant+%26+Lounge&query_place_id=ChIJC89ba1Vk3IAR76YZVUjy_gw,2023-06-10T06:22:20.319045+00:00
Restaurants,721,YAYOI Palo Alto,1.2523809523809524,"Palo Alto, CA",United States,Japanese,37.44738269999999,'-122.1604918,https://www.google.com/maps/search/?api=1&query=YAYOI+Palo+Alto&query_place_id=ChIJpTk-VTi7j4ARpZhH_XR68_I,2023-06-10T05:51:51.582998+00:00
Restaurants,722,Local Union 271,1.2000000000000002,"Palo Alto, CA",United States,American; Burgers; Californian,37.44583859999999,'-122.1621916,https://www.google.com/maps/search/?api=1&query=Local+Union+271&query_place_id=ChIJScdLwDm7j4ARCbo6bng01sU,2026-01-25T21:27:23.844028+00:00
Restaurants,723,Yoshinoya Cupertino,1.1476190476190475,"Cupertino, CA",United States,Japanese,37.32328359999999,'-122.0199483,https://www.google.com/maps/search/?api=1&query=Yoshinoya+Cupertino&query_place_id=ChIJH2ElQKG1j4AR64J4_QKZ52Y,2024-07-08T23:39:31.829153+00:00
Restaurants,724,Suram - Sushi & Ramen (Upper West Side),1.0952380952380953,"New York, NY",United States,Japanese; Ramen,40.7726985,'-73.98988969999999,https://www.google.com/maps/search/?api=1&query=Suram+-+Sushi+%26+Ramen+%28Upper+West+Side%29&query_place_id=ChIJHR4unh9ZwokRIljr044VTLs,2025-01-27T17:46:36.197253+00:00
Restaurants,725,Sushi Village Japanese Restaurant,1.0428571428571427,"Whistler, BC",Canada,Japanese; Sushi,50.113913,'-122.9543065,https://www.google.com/maps/search/?api=1&query=Sushi+Village+Japanese+Restaurant&query_place_id=ChIJ8Tqiokwjh1QRxiJY4DE3urM,2023-12-26T04:50:34.025788+00:00
Restaurants,726,Uncle John's Pancake House,0.9904761904761905,"Campbell, CA",United States,Breakfast; American; Brunch,37.285203,'-121.950111,https://www.google.com/maps/search/?api=1&query=Uncle+John%27s+Pancake+House&query_place_id=ChIJRzAr_iA1joAROp6CYEzXFEU,2024-07-08T21:55:16.842373+00:00
Restaurants,727,Lucca Ristorante,0.9380952380952379,"Pittsburgh, PA",United States,Italian,40.44518559999999,'-79.9485988,https://www.google.com/maps/search/?api=1&query=Lucca+Ristorante&query_place_id=ChIJhSAtHyTyNIgRDUVWLHZNrmQ,2023-12-08T15:52:40.141338+00:00
Restaurants,728,Red Hot Wok,0.8857142857142861,"Palo Alto, CA",United States,Taiwanese,37.4202733,'-122.1360386,https://www.google.com/maps/search/?api=1&query=Red+Hot+Wok&query_place_id=ChIJg48JaQC7j4ARFyPHHWQlQX8,2023-06-29T01:47:12.646656+00:00
Restaurants,729,The Fish Market - Palo Alto,0.8333333333333335,"Palo Alto, CA",United States,Seafood,37.4209767,'-122.1389297,https://www.google.com/maps/search/?api=1&query=The+Fish+Market+-+Palo+Alto&query_place_id=ChIJvyhSXfK6j4ARfpOYlE2IpkY,2024-07-09T04:25:30.100381+00:00
Restaurants,730,Il Veliero Ristorante Trappeto,0.7809523809523813,Trappeto,Italy,,38.0706403,13.0392708,https://www.google.com/maps/search/?api=1&query=Il+Veliero+Ristorante+Trappeto&query_place_id=ChIJu12oHnvvGRMRCsVWIRTud1I,2023-06-11T00:11:17.305032+00:00
Restaurants,731,Yoma,0.7285714285714286,Bologna,Italy,Japanese; Sushi,44.4953657,11.3440168,https://www.google.com/maps/search/?api=1&query=Yoma&query_place_id=ChIJGdUEA77Uf0cRWiKxFWCfSdA,2023-06-11T00:11:33.276587+00:00
Restaurants,732,XLB Kitchen,0.6761904761904765,"Cupertino, CA",United States,Shanghainese; Chinese; Szechuan,37.3195317,'-122.03306,https://www.google.com/maps/search/?api=1&query=XLB+Kitchen&query_place_id=ChIJ6UIz-6u1j4AR7gO0Ug3ghoI,2023-06-12T04:29:54.236463+00:00
Restaurants,733,Hot Bear Fusion Hot-Dogs,0.6238095238095238,Gdańsk,Poland,,54.3509544,18.6504702,https://www.google.com/maps/search/?api=1&query=Hot+Bear+Fusion+Hot-Dogs&query_place_id=ChIJFbA4Blxz_UYRGBB8ExkmRsI,2023-06-11T00:18:00.413000+00:00
Restaurants,734,The Giraffe,0.5714285714285716,Prague,Czechia,,50.0698426,14.4827449,https://www.google.com/maps/search/?api=1&query=The+Giraffe&query_place_id=ChIJP8E28AyTC0cRUJdsQhY4-ZI,2023-06-11T00:13:50.565482+00:00
Restaurants,735,Silks Palace,0.519047619047619,Taipei City,Taiwan,Cantonese; Dim Sum,25.1012506,121.5477983,https://www.google.com/maps/search/?api=1&query=Silks+Palace&query_place_id=ChIJoTVYRDusQjQRL1K7oCgJ7Sk,2024-05-15T05:52:56.538459+00:00
Restaurants,736,Mami-T Puerto Santa Ana,0.4666666666666668,Guayaquil,Ecuador,,'-2.1796525,'-79.8753148,https://www.google.com/maps/search/?api=1&query=Mami-T+Puerto+Santa+Ana&query_place_id=ChIJbQmwqNJtLZAREp-OfrPrj7U,2023-09-02T19:14:09.489136+00:00
Restaurants,737,San Francisco Giants Club House,0.41428571428571415,"San Francisco, CA",United States,American,37.620663,'-122.3889501,https://www.google.com/maps/search/?api=1&query=San+Francisco+Giants+Club+House&query_place_id=ChIJA3rx1QV3j4ARiz7ibZRGr7c,2023-12-24T03:32:58.357175+00:00
Restaurants,738,Naschmarkt - Palo Alto,0.36190476190476195,"Palo Alto, CA",United States,Austrian,37.4279112,'-122.1444671,https://www.google.com/maps/search/?api=1&query=Naschmarkt+-+Palo+Alto&query_place_id=ChIJq6oGtOW6j4AROUSVKcfXF0k,2024-05-16T08:41:20.378610+00:00
Restaurants,739,Piada Italian Street Food,0.30952380952380976,"Pittsburgh, PA",United States,Italian,40.4405492,'-79.9580649,https://www.google.com/maps/search/?api=1&query=Piada+Italian+Street+Food&query_place_id=ChIJw-xxVofxNIgRPoR9kR0qQaU,2024-08-26T16:07:20.376647+00:00
Restaurants,740,Meze Kebab,0.25714285714285756,"Palo Alto, CA",United States,Arabic,37.4433231,'-122.161034,https://www.google.com/maps/search/?api=1&query=Meze+Kebab&query_place_id=ChIJAQDASDq7j4ARmCZUEs0AJD4,2026-03-07T05:46:42.352348+00:00
Restaurants,741,El Muelle de Darwin,0.20476190476190492,Puerto Ayora,Ecuador,Ecuadorian; Seafood,'-0.7427809999999999,'-90.3114851,https://www.google.com/maps/search/?api=1&query=El+Muelle+de+Darwin&query_place_id=ChIJGx83HPldqpoRcCBKfpqjkW8,2023-09-02T19:15:41.887788+00:00
Restaurants,742,Mikka,0.15238095238095273,Samborondón,Ecuador,Japanese,'-2.0986673,'-79.8748402,https://www.google.com/maps/search/?api=1&query=Mikka&query_place_id=ChIJuyhZmdgSLZARcHht8aUYIEM,2023-09-02T19:14:50.926464+00:00
